nom,french_attribut,CO2,main_type,sous_type
Abricot,dénoyauté,1.35,Fruits et Légumes,Fruits
Abricot au sirop,appertisé,0.75,Fruits et Légumes,Fruits
Abricot au sirop léger,appertisé,0.74,Fruits et Légumes,Fruits
Agar (algue),cru,6.77,Aides culinaires et ingrédients divers,Algues
Agneau,épaule,33.0,"Viandes, oeufs, poissons",Viandes crues
Agneau,collier-côte filet-côte première-côtelette-gigot-selle,41.3,"Viandes, oeufs, poissons",
Ail,cru,0.36,Aides culinaires et ingrédients divers,Herbes
Ail séché,poudre,0.75,Aides culinaires et ingrédients divers,Herbes
Amande,grillée-mondée,2.7,Fruits et Légumes,
Amarante,cru,1.16,Produits céréaliers,"Pâtes, riz et céréales"
Ananas,pulpe,1.3,Fruits et Légumes,Fruits
Ananas au sirop et jus d'ananas,appertisé,1.15,Fruits et Légumes,Fruits
Ananas au sirop léger,appertisé,1.15,Fruits et Légumes,Fruits
Anchois,filets roulés aux câpres-filets à l'huile,1.77,"Viandes, oeufs, poissons",
Anchois au sel (anchoité,semi-conserve),2.15,"Viandes, oeufs, poissons",Produits à base de poissons et produits de la mer
Anchois commun,mariné,1.81,"Viandes, oeufs, poissons",Produits à base de poissons et produits de la mer
Anchois commun,cru,2.15,"Viandes, oeufs, poissons",Poissons crus
Andouille,réchauffée à la poêle,16.2,"Viandes, oeufs, poissons",Charcuteries
Andouillette,cru,16.1,"Viandes, oeufs, poissons",Charcuteries
Andouillette,sautée/poêlée,16.2,"Viandes, oeufs, poissons",Charcuteries
Andouillette de Troyes,cru,16.1,"Viandes, oeufs, poissons",Charcuteries
Aneth,frais,0.82,Aides culinaires et ingrédients divers,Herbes
Ao-nori (Enteromorpha sp.),séché ou déshydratée,6.77,Aides culinaires et ingrédients divers,Algues
Artichaut,fond,1.79,Fruits et Légumes,Légumes
Artichaut,appertisé-coeur,1.85,Fruits et Légumes,
Artichaut,cru,3.88,Fruits et Légumes,Légumes
Ascophylle noueux ou goémon noir (Ascophyllum nodosum),séché ou déshydraté,6.58,Aides culinaires et ingrédients divers,Algues
Asperge,appertisée,1.16,Fruits et Légumes,Légumes
Asperge,pelée,1.43,Fruits et Légumes,Légumes
Asperge,blanche ou violette-verte,1.56,Fruits et Légumes,
Aubergine,cru,0.46,Fruits et Légumes,Légumes
Avocat,pulpe,1.48,Fruits et Légumes,Légumes
Avoine,cru,1.15,Produits céréaliers,"Pâtes, riz et céréales"
Baba au rhum,préemballé,0.88,Produits céréaliers,Gâteaux et pâtisseries
Baklava ou Baklawa,(pâtisserie orientale aux amandes et sirop),2.72,Produits céréaliers,Gâteaux et pâtisseries
Bambou,pousse,1.08,Fruits et Légumes,Légumes
Bambou,pousses,1.68,Fruits et Légumes,Légumes
Banane,pulpe,1.53,Fruits et Légumes,Fruits
Banane plantain,cru,0.73,Fruits et Légumes,Légumes
Bar commun ou loup,cru,12.7,"Viandes, oeufs, poissons",Poissons crus
Bar commun ou loup (Méditerranée),cru,10.87,"Viandes, oeufs, poissons",Poissons crus
Bar ou loup de l'Atlantique,cru,12.7,"Viandes, oeufs, poissons",Poissons crus
Bar rayé ou bar d'Amérique,cru,12.7,"Viandes, oeufs, poissons",Poissons crus
Barre biscuitée fourrée aux fruits,allégée en matière grasse,2.29,Produits céréaliers,Céréales de petit-déjeuner et biscuits
Barre céréalière pour petit déjeuner au lait,chocolatée ou non,6.09,Produits céréaliers,Céréales de petit-déjeuner et biscuits
Barre céréalière équilibre aux fruits,enrichie en vitamines et minéraux,2.46,Produits céréaliers,Céréales de petit-déjeuner et biscuits
Barre céréalière équilibre chocolatée,enrichie en vitamines et minéraux,6.09,Produits céréaliers,Céréales de petit-déjeuner et biscuits
Barre à la noix de coco,enrobée de chocolat,4.36,Produits sucrés,Chocolats et produits à base de chocolat
Basilic,frais,0.82,Aides culinaires et ingrédients divers,Herbes
Basilic,séché,1.55,Aides culinaires et ingrédients divers,Herbes
Beignet de viande,volaille ou poisson,6.04,Plats composés,Feuilletés et autres entrées
Beignet fourré aux fruits,préemballé,2.03,Produits céréaliers,Gâteaux et pâtisseries
Beignet fourré goût chocolat,préemballé,5.69,Produits céréaliers,Gâteaux et pâtisseries
Beignet rond moelleux,sans fourrage,1.58,Produits céréaliers,Gâteaux et pâtisseries
Bette ou blette,cru,0.54,Fruits et Légumes,Légumes
Betterave rouge,cru,0.36,Fruits et Légumes,Légumes
Biscuit apéritif,crackers-mini bretzel ou sticks,1.59,Produits céréaliers,
Biscuit apéritif soufflé,à base de maïs-à base de pomme de terre-à base de pomme de terre et de soja,1.59,Produits céréaliers,
Biscuit apéritif à base de pomme de terre,type tuile salée,1.59,Produits céréaliers,Céréales de petit-déjeuner et biscuits
Biscuit aux céréales pour petit déjeuner,enrichis en vitamines et minéraux,2.88,Produits céréaliers,Céréales de petit-déjeuner et biscuits
Biscuit sec,avec matière grasse végétale,1.22,Produits céréaliers,Céréales de petit-déjeuner et biscuits
Biscuit sec,sablé,2.29,Produits céréaliers,Céréales de petit-déjeuner et biscuits
Biscuit sec,sans précision,2.88,Produits céréaliers,Céréales de petit-déjeuner et biscuits
Biscuit sec,petits fours en assortiment,3.43,Produits céréaliers,Céréales de petit-déjeuner et biscuits
Biscuit sec (génoise) nappage aux fruits,type barquette,2.29,Produits céréaliers,Céréales de petit-déjeuner et biscuits
Biscuit sec aux fruits,hyposodé,2.29,Produits céréaliers,Céréales de petit-déjeuner et biscuits
Biscuit sec chocolaté,préemballé barquette-type galette-type tartelette,5.92,Produits céréaliers,
Biscuit sec croquant (ex : tuile) sans chocolat,allégé en matière grasse,3.04,Produits céréaliers,Céréales de petit-déjeuner et biscuits
Biscuit sec croquant au chocolat,allégé en matière grasse,5.92,Produits céréaliers,Céréales de petit-déjeuner et biscuits
Biscuit sec feuilleté,type palmier ou autres,2.85,Produits céréaliers,Céréales de petit-déjeuner et biscuits
Biscuit sec fourré aux fruits,allégé en matière grasse,2.29,Produits céréaliers,Céréales de petit-déjeuner et biscuits
Biscuit sec nappé aux fruits,tartelette,2.29,Produits céréaliers,Céréales de petit-déjeuner et biscuits
Biscuit sec ou tuile,aux amandes,3.04,Produits céréaliers,Céréales de petit-déjeuner et biscuits
Biscuit sec pour petit déjeuner,allégé en sucres,2.88,Produits céréaliers,Céréales de petit-déjeuner et biscuits
Biscuit sec pour petit déjeuner,au chocolat,5.92,Produits céréaliers,Céréales de petit-déjeuner et biscuits
Biscuit sec type tuile,aux fruits,3.1,Produits céréaliers,Céréales de petit-déjeuner et biscuits
Bière de spécialités ou d'abbaye,régionales ou d'une brasserie (degré d'alcool variable),1.12,Boissons,Boissons alcoolisées
Blé de Khorasan,cru,0.53,Produits céréaliers,"Pâtes, riz et céréales"
Blé dur entier,cru,1.16,Produits céréaliers,"Pâtes, riz et céréales"
Blé dur précuit,grains entiers,0.56,Plats composés,Plats composés
Blé dur précuit,entier,1.16,Produits céréaliers,"Pâtes, riz et céréales"
Blé dur précuit cuisiné,en sachet micro-ondable,0.49,Plats composés,Plats composés
Blé tendre entier ou froment,cru,0.89,Produits céréaliers,"Pâtes, riz et céréales"
Boeuf,bavette d'aloyau-faux-filet-gîte à la noix-hampe-joue-onglet-rumsteck-steak ou bifteck-tende de tranche-à bourguignon ou pot-au-feu-épaule,27.8,"Viandes, oeufs, poissons",
Boeuf,boule de macreuse,27.9,"Viandes, oeufs, poissons",Viandes crues
Boeuf,côte-entrecôte-jarret-plat de côtes,28.0,"Viandes, oeufs, poissons",
Boeuf,paleron,34.9,"Viandes, oeufs, poissons",Viandes crues
Bogue,cru,1.51,"Viandes, oeufs, poissons",Poissons crus
Boisson au soja,aromatisée-nature,0.44,Boissons,
Boisson au thé,aromatisée,0.52,Boissons,Boissons sans alcool
Boisson cacaotée ou au chocolat,instantanée,1.48,Boissons,Boissons sans alcool
Boisson gazeuse,sans jus de fruit,0.51,Boissons,Boissons sans alcool
Boisson gazeuse aux fruits (de 10 à 50% de jus),sucrée,0.44,Boissons,Boissons sans alcool
Boisson gazeuse aux fruits (à moins de 10% de jus),non sucrée,0.39,Boissons,Boissons sans alcool
Boisson gazeuse aux fruits (à moins de 10% de jus),sucrée,0.44,Boissons,Boissons sans alcool
Boisson lactée,lait fermenté ou yaourt à boire,1.67,Produits Laitiers,Produits laitiers frais et assimilés
Boisson lactée aromatisée au chocolat,sucrée,1.38,Boissons,Boissons sans alcool
Boisson lactée aromatisée à la fraise,sucrée,1.38,Boissons,Boissons sans alcool
Boisson plate aux fruits,(à moins de 10% de jus),0.39,Boissons,Boissons sans alcool
Boisson plate aux fruits (10 à 50% de jus),sucrée-à teneur réduite en sucres,0.56,Boissons,
Boisson plate aux fruits (teneur en jus non spécifiée),sucrée,0.56,Boissons,Boissons sans alcool
Boisson plate aux fruits (à moins de 10% de jus),sucrée,0.56,Boissons,Boissons sans alcool
Boisson préparée à partir de sirop à diluer type menthe,fraise,0.1,Boissons,Boissons sans alcool
Boisson à base d'avoine,nature,0.54,Boissons,Boissons sans alcool
Boisson à base de riz,nature,0.37,Boissons,Boissons sans alcool
Boisson à l'eau minérale ou de source,aromatisée,0.39,Boissons,Boissons sans alcool
Boisson à la noix de coco,nature,0.99,Boissons,Boissons sans alcool
Boisson énergisante,non sucrée-sucrée,0.47,Boissons,
Bonbon au caramel,mou,1.73,Produits sucrés,Confiseries non chocolatées
Bonbons,tout type,1.73,Produits sucrés,Confiseries non chocolatées
Bonite,cru,8.4,"Viandes, oeufs, poissons",Poissons crus
Bouchée à la reine,à la viande/volaille/quenelle,4.47,Plats composés,Feuilletés et autres entrées
Bouchée à la reine,au poisson et fruits de mer,7.69,Plats composés,Feuilletés et autres entrées
Bouchées ou émincé au soja et blé (ne convient pas aux véganes ou végétaliens),préemballé,2.11,"Viandes, oeufs, poissons",Substituts de viande
Boudin blanc truffé,cru,16.1,"Viandes, oeufs, poissons",Charcuteries
Boudin noir,rayon frais-sauté/poêlé,1.64,"Viandes, oeufs, poissons",
Bouillon de boeuf,déshydraté reconstitué,0.14,Plats composés,Soupes
Bouillon de légumes,déshydraté reconstitué,0.13,Plats composés,Soupes
Boules de maïs soufflées au miel,enrichies en vitamines et minéraux,3.56,Produits céréaliers,Céréales de petit-déjeuner et biscuits
Boulette végétale au soja et/ou blé,préemballé,1.96,Plats composés,Plats Végétariens
Boulettes au buf,à la sauce tomate,11.6,Plats composés,Plats composés
Boulgour de blé,cru,1.16,Produits céréaliers,"Pâtes, riz et céréales"
Brick garni,"(garniture : crevettes, légumes,  volaille, viande, poisson, etc)",3.52,Plats composés,Feuilletés et autres entrées
Brie,sans précision,5.27,Produits Laitiers,Fromages
Brioche,de boulangerie traditionnelle-préemballé-sans précision,3.37,Produits céréaliers,
Brioche fourrée crème pâtissière (type chinois),préemballé,2.71,Produits céréaliers,Pains et viennoiseries
Brochette de porc,cru,6.95,"Viandes, oeufs, poissons",Autres produits à base de viande
Brocoli,cru,0.91,Fruits et Légumes,Légumes
Brocoli,purée,1.21,Fruits et Légumes,Légumes
Brocoli,surgelé,1.32,Fruits et Légumes,Légumes
Brème,cru,12.7,"Viandes, oeufs, poissons",Poissons crus
Buf,steak haché 10% MG-steak haché 15% MG-steak haché 20% MG-steak haché 5% MG,34.1,"Viandes, oeufs, poissons",
Cabillaud,cru,10.8,"Viandes, oeufs, poissons",Poissons crus
Cacahuète,grillée,4.16,Fruits et Légumes,Fruits à coque et graines oléagineuses
Cacahuètes (arachide) enrobées d'un biscuit,pour apéritif,3.22,Produits céréaliers,Céréales de petit-déjeuner et biscuits
Cacao,non sucré,27.1,Boissons,Boissons sans alcool
Café,non instantané,0.6,Boissons,Boissons sans alcool
Café,instantané,1.59,Boissons,Boissons sans alcool
Café,moulu,10.1,Boissons,Boissons sans alcool
Café,poudre soluble,27.1,Boissons,Boissons sans alcool
Café,décaféiné,28.7,Boissons,Boissons sans alcool
Café au lait,café crème ou cappuccino,0.5,Boissons,Boissons sans alcool
Café au lait ou cappuccino,poudre soluble,7.87,Boissons,Boissons sans alcool
Café au lait ou cappuccino au chocolat,poudre soluble,8.43,Boissons,Boissons sans alcool
Café décaféiné,non instantané,0.64,Boissons,Boissons sans alcool
Café décaféiné,instantané,1.69,Boissons,Boissons sans alcool
Café expresso,non instantané,0.6,Boissons,Boissons sans alcool
Cake salé,"(garniture : fromage légumes,  volaille, viande, poisson, etc)",3.91,Plats composés,Feuilletés et autres entrées
Calmar ou Calamar ou encornet,à la romaine (beignet),5.26,"Viandes, oeufs, poissons",Produits à base de poissons et produits de la mer
Calmar ou calamar ou encornet,frit ou poêlé avec matière grasse,6.45,"Viandes, oeufs, poissons",Mollusques et crustacés cuits
Calmar ou calamar ou encornet,cru,12.0,"Viandes, oeufs, poissons",Mollusques et crustacés crus
Camembert,sans précision,5.23,Produits Laitiers,Fromages
Canard,cuisse avec peau-viande-viande et peau,6.98,"Viandes, oeufs, poissons",
Canard,magret,9.12,"Viandes, oeufs, poissons",Viandes crues
Canard,magret fumé,9.58,"Viandes, oeufs, poissons",Charcuteries
Canard en sauce,(poivre vert chasseur  etc.),6.38,Plats composés,Plats composés
Canneberge ou cranberry,cru,1.55,Fruits et Légumes,Fruits
Cannelle,poudre,9.19,Aides culinaires et ingrédients divers,Epices
Cantal,Salers ou Laguiole,5.98,Produits Laitiers,Fromages
Capelan,cru,8.4,"Viandes, oeufs, poissons",Poissons crus
Carambole,pulpe,0.54,Fruits et Légumes,Fruits
Carangue,cru,4.25,"Viandes, oeufs, poissons",Poissons crus
Cardamome,poudre,9.19,Aides culinaires et ingrédients divers,Epices
Cardine franche,cru,10.8,"Viandes, oeufs, poissons",Poissons crus
Cardon,cru,0.76,Fruits et Légumes,Légumes
Carotte,cru,0.36,Fruits et Légumes,Légumes
Carotte,purée,0.67,Fruits et Légumes,Légumes
Carotte,surgelé,0.84,Fruits et Légumes,Légumes
Carotte,appertisée,1.02,Fruits et Légumes,Légumes
Carottes râpées,avec sauce,1.04,Fruits et Légumes,Légumes
Carpe,cru,6.64,"Viandes, oeufs, poissons",Poissons crus
Carrelet ou plie,pané,13.3,"Viandes, oeufs, poissons",Produits à base de poissons et produits de la mer
Carvi,graine,9.19,Aides culinaires et ingrédients divers,Epices
Cassis,cru,1.81,Fruits et Légumes,Fruits
Cassoulet,appertisé,0.77,Plats composés,Plats composés
Cassoulet au canard ou oie,appertisé,2.4,Plats composés,Plats composés
Cassoulet au porc,appertisé,2.96,Plats composés,Plats composés
Cerfeuil,frais,0.82,Aides culinaires et ingrédients divers,Herbes
Cerise,dénoyautée,1.35,Fruits et Légumes,Fruits
Cervelas à l'ail,pur porc,5.23,"Viandes, oeufs, poissons",Charcuteries
Cervelle,porc,2.1,"Viandes, oeufs, poissons",Viandes crues
Cervelle,veau,17.8,"Viandes, oeufs, poissons",Viandes crues
Cervelle,agneau,21.6,"Viandes, oeufs, poissons",Viandes crues
Chair à saucisse,porc et buf-pur porc,5.09,"Viandes, oeufs, poissons",
Chair à saucisse,cru,8.98,"Viandes, oeufs, poissons",Charcuteries
Champignon,morille,0.49,Fruits et Légumes,Légumes
Chapon,viande et peau,6.97,"Viandes, oeufs, poissons",Viandes crues
Cheeseburger,provenant de fast food,17.7,Plats composés,Sandwichs
Cheesecake ou Gâteau au fromage frais,rayon frais,2.88,Produits Laitiers,Produits laitiers frais et assimilés
Chevreau,cru,41.3,"Viandes, oeufs, poissons",Viandes crues
Chia,graine,3.52,Fruits et Légumes,Fruits à coque et graines oléagineuses
Chicorée,poudre soluble,0.12,Boissons,Boissons sans alcool
Chicorée,instantanée,1.31,Boissons,Boissons sans alcool
Chicorée et café,instantané,2.3,Boissons,Boissons sans alcool
Chicorée et café,poudre soluble,14.4,Boissons,Boissons sans alcool
Chicorée rouge,cru,0.63,Fruits et Légumes,Légumes
Chicorée verte,cru,0.63,Fruits et Légumes,Légumes
Chinchard,cru,2.25,"Viandes, oeufs, poissons",Poissons crus
Chinchard gras,cru,2.25,"Viandes, oeufs, poissons",Poissons crus
Chinchard maigre,cru,2.25,"Viandes, oeufs, poissons",Poissons crus
Chipolata,cru,5.09,"Viandes, oeufs, poissons",Charcuteries
Chips de pommes de terre,standard-à l'ancienne,1.54,Fruits et Légumes,
Chips de pommes de terre et assimilés,allégées en matière grasse,1.54,Fruits et Légumes,Pommes de terre et autres tubercules
Chorizo supérieur,doux ou fort,6.12,"Viandes, oeufs, poissons",Charcuteries
Chou blanc,cru,0.66,Fruits et Légumes,Légumes
Chou chinois ou pak-choi ou pé-tsai,cru,0.86,Fruits et Légumes,Légumes
Chou de Bruxelles,cru,0.58,Fruits et Légumes,Légumes
Chou de Bruxelles,surgelé,1.07,Fruits et Légumes,Légumes
Chou de Bruxelles,appertisé,1.11,Fruits et Légumes,Légumes
Chou frisé,cru,0.73,Fruits et Légumes,Légumes
Chou romanesco ou brocoli à pomme,cru,0.74,Fruits et Légumes,Légumes
Chou rouge,cru,0.86,Fruits et Légumes,Légumes
Chou vert,cru,0.86,Fruits et Légumes,Légumes
Chou-fleur,cru,0.74,Fruits et Légumes,Légumes
Chou-fleur,surgelé,1.15,Fruits et Légumes,Légumes
Chou-rave,cru,0.46,Fruits et Légumes,Légumes
Choucroute,sans garniture,1.0,Plats composés,Plats composés
Châtaigne,cru,1.88,Fruits et Légumes,Fruits à coque et graines oléagineuses
Châtaigne,grillée,1.94,Fruits et Légumes,Fruits à coque et graines oléagineuses
Châtaigne ou Marron,appertisé,1.48,Fruits et Légumes,Fruits à coque et graines oléagineuses
Ciboule ou Ciboulette,fraîche,0.68,Aides culinaires et ingrédients divers,Herbes
Citron,pulpe,0.71,Fruits et Légumes,Fruits
Citron,zeste,0.89,Fruits et Légumes,Fruits
Citron ou Lime,spécialité à diluer pour boissons,0.85,Boissons,Boissons sans alcool
Citron vert ou Lime,pulpe,0.53,Fruits et Légumes,Fruits
Citrouille,pulpe,0.62,Fruits et Légumes,Légumes
Clafoutis aux fruits,rayon frais,1.8,Produits Laitiers,Produits laitiers frais et assimilés
Clémentine,pulpe,1.23,Fruits et Légumes,Fruits
Cocktail type punch,16% alcool,1.06,Boissons,Boissons alcoolisées
Coeur,dinde-poulet,1.84,"Viandes, oeufs, poissons",
Coeur,porc,2.1,"Viandes, oeufs, poissons",Viandes crues
Coeur,veau,17.8,"Viandes, oeufs, poissons",Viandes crues
Coeur,agneau,21.6,"Viandes, oeufs, poissons",Viandes crues
Coeur,boeuf,22.1,"Viandes, oeufs, poissons",Viandes crues
Coeur de palmier,appertisé,1.65,Fruits et Légumes,Légumes
Coing,cru,0.54,Fruits et Légumes,Fruits
Cola,non sucré-sucré,0.51,Boissons,
Compote,tout type de fruits,0.8,Fruits et Légumes,Fruits
Concombre,pulpe-pulpe et peau,0.47,Fruits et Légumes,
Confit de canard,viande (cuisse),9.54,"Viandes, oeufs, poissons",Charcuteries
Confiture,tout type de fruits,1.42,Produits sucrés,Confitures et assimilés
Congre,cru,10.8,"Viandes, oeufs, poissons",Poissons crus
Coquille Saint-Jacques,noix,9.71,"Viandes, oeufs, poissons",Mollusques et crustacés crus
Coquille Saint-Jacques,noix et corail,10.46,"Viandes, oeufs, poissons",Mollusques et crustacés crus
Corb,cru,4.25,"Viandes, oeufs, poissons",Poissons crus
Coriandre,fraiche,0.97,Aides culinaires et ingrédients divers,Herbes
Coriandre,graine,1.1,Aides culinaires et ingrédients divers,Epices
Coulirou,cru,2.25,"Viandes, oeufs, poissons",Poissons crus
Courge,cru,0.62,Fruits et Légumes,Légumes
Courge hokkaïdo,pulpe,0.6,Fruits et Légumes,Légumes
Courge melonnette,pulpe,0.62,Fruits et Légumes,Légumes
Courge musquée,pulpe,0.6,Fruits et Légumes,Légumes
Courge spaghetti,pulpe,0.88,Fruits et Légumes,Légumes
Courgette,pulpe et peau,0.75,Fruits et Légumes,Légumes
Courgette,purée,0.85,Fruits et Légumes,Légumes
Couronne de Noël (Brioche) aux fruits confits,préemballé,3.38,Produits céréaliers,Pains et viennoiseries
Court-bouillon pour poissons,déshydraté,9.43,Aides culinaires et ingrédients divers,Aides culinaires
Couscous (semoule de blé dur roulée précuite à la vapeur),cru,1.67,Produits céréaliers,"Pâtes, riz et céréales"
Couscous à la viande ou au poulet,allégé,2.98,Plats composés,Plats composés
Cresson alénois,cru,0.95,Fruits et Légumes,Légumes
Cresson de fontaine,cru,0.83,Fruits et Légumes,Légumes
Crevette,cru,7.64,"Viandes, oeufs, poissons",Mollusques et crustacés crus
Crevette,surgelé,10.9,"Viandes, oeufs, poissons",Mollusques et crustacés crus
Crevette rose,cru,10.8,"Viandes, oeufs, poissons",Mollusques et crustacés crus
Croissant,sans précision,1.7,Produits céréaliers,Pains et viennoiseries
Croissant aux amandes,artisanal,2.42,Produits céréaliers,Pains et viennoiseries
Croissant ordinaire,artisanal,1.7,Produits céréaliers,Pains et viennoiseries
Croque-monsieur,rayon frais,4.42,Plats composés,Sandwichs
Crosne,surgelé,0.66,Fruits et Légumes,Légumes
Crottin de chèvre,au lait cru précision,7.91,Produits Laitiers,
Croûton à l'ail aux fines herbes ou aux oignons,préemballé,1.01,Produits céréaliers,Pains et viennoiseries
Croûtons nature,préemballés,1.01,Produits céréaliers,Pains et viennoiseries
Crème anglaise,préemballé,1.75,Aides culinaires et ingrédients divers,Sauces
Crème aux ufs,(petit pot de crème chocolat vanille etc.)  rayon frais,3.64,Produits Laitiers,Produits laitiers frais et assimilés
Crème brûlée,rayon frais,1.92,Produits Laitiers,Produits laitiers frais et assimilés
Crème caramel,rayon frais,1.8,Produits Laitiers,Produits laitiers frais et assimilés
Crème chantilly,sous pression,1.71,Produits Laitiers,Crèmes et spécialités à base de crème
Crème de lait,15 à 20% MG,2.5,Produits Laitiers,Crèmes et spécialités à base de crème
Crème de lait,30% MG,3.62,Produits Laitiers,Crèmes et spécialités à base de crème
Crème de marrons vanillée,appertisée,1.52,Fruits et Légumes,Fruits à coque et graines oléagineuses
Crème dessert,allégée en MG,1.61,Produits Laitiers,Produits laitiers frais et assimilés
Crème dessert au café,rayon frais,1.61,Produits Laitiers,Produits laitiers frais et assimilés
Crème dessert au caramel,rayon frais,1.61,Produits Laitiers,Produits laitiers frais et assimilés
Crème dessert au chocolat,appertisée,3.35,Produits Laitiers,Produits laitiers frais et assimilés
Crème dessert au chocolat,rayon frais,3.45,Produits Laitiers,Produits laitiers frais et assimilés
Crème dessert à la vanille,appertisée,1.5,Produits Laitiers,Produits laitiers frais et assimilés
Crème dessert à la vanille,rayon frais,1.61,Produits Laitiers,Produits laitiers frais et assimilés
Crêpe,nature,1.78,Produits céréaliers,Gâteaux et pâtisseries
Crêpe dentelle (pour apéritif) au fromage,préemballé,1.59,Produits céréaliers,Céréales de petit-déjeuner et biscuits
Crêpe dentelle au chocolat,préemballé,6.74,Produits céréaliers,Céréales de petit-déjeuner et biscuits
Crêpe maison,fourrée au chocolat ou à la pâte à tartiner chocolat et noisettes-fourrée à la confiture,1.62,Produits céréaliers,
Crêpe ou Galette complète,(uf jambon  fromage),3.82,Plats composés,"Pizzas, tartes et crêpes salées"
Crêpe préemballée,fourrée au sucre,1.62,Produits céréaliers,Gâteaux et pâtisseries
Crêpe préemballée,fourrée fraise,1.63,Produits céréaliers,Gâteaux et pâtisseries
Crêpe préemballée,fourrée chocolat,4.55,Produits céréaliers,Gâteaux et pâtisseries
Cucurbitacées,graine,3.52,Fruits et Légumes,Fruits à coque et graines oléagineuses
Cumin,graine,9.19,Aides culinaires et ingrédients divers,Epices
Curcuma,poudre,9.19,Aides culinaires et ingrédients divers,Epices
Curry,poudre,9.19,Aides culinaires et ingrédients divers,Epices
Céleri branche,cru,0.68,Fruits et Légumes,Légumes
Céleri branche,appertisé,1.38,Fruits et Légumes,Légumes
Céleri rémoulade,préemballé,1.16,Plats composés,Salades composées et crudités
Céleri-rave,cru,0.46,Fruits et Légumes,Légumes
Céleri-rave,purée,0.63,Fruits et Légumes,Légumes
Céréales chocolatées pour petit déjeuner,non fourrées,3.4,Produits céréaliers,Céréales de petit-déjeuner et biscuits
Céréales complètes soufflées,enrichies en vitamines et minéraux,3.56,Produits céréaliers,Céréales de petit-déjeuner et biscuits
Céréales pour petit déjeuner chocolatées,non fourrées,3.4,Produits céréaliers,Céréales de petit-déjeuner et biscuits
Céréales pour petit déjeuner fourrées,fourrage autre que chocolat,3.4,Produits céréaliers,Céréales de petit-déjeuner et biscuits
Céréales pour petit déjeuner fourrées au chocolat ou chocolat-noisettes,enrichies en vitamines et minéraux,3.4,Produits céréaliers,Céréales de petit-déjeuner et biscuits
Céréales pour petit déjeuner riches en fibres,au chocolat,3.4,Produits céréaliers,Céréales de petit-déjeuner et biscuits
Céréales pour petit déjeuner riches en fibres,avec ou sans fruits,3.56,Produits céréaliers,Céréales de petit-déjeuner et biscuits
Céréales pour petit déjeuner très riches en fibres,enrichies en vitamines et minéraux,3.56,Produits céréaliers,Céréales de petit-déjeuner et biscuits
Céréales pour petit déjeuner équilibre au chocolat,enrichies en vitamines et minéraux,3.4,Produits céréaliers,Céréales de petit-déjeuner et biscuits
Céréales pour petit déjeuner équilibre aux fruits,enrichies en vitamines et minéraux,3.56,Produits céréaliers,Céréales de petit-déjeuner et biscuits
Céréales pour petit déjeuner équilibre aux fruits secs (à coque),enrichis en vitamines et minéraux,3.56,Produits céréaliers,Céréales de petit-déjeuner et biscuits
Céréales pour petit déjeuner équilibre nature ou au miel,enrichies en vitamines et minéraux,3.56,Produits céréaliers,Céréales de petit-déjeuner et biscuits
Cône ou cornet classique,pour glace,2.88,Produits céréaliers,Céréales de petit-déjeuner et biscuits
Datte,pulpe et peau,2.76,Fruits et Légumes,Fruits
Denté,cru,10.8,"Viandes, oeufs, poissons",Poissons crus
Dessert au soja,nature,0.82,Produits Laitiers,Produits laitiers frais et assimilés
Dessert au soja,aux fruits,0.86,Produits Laitiers,Produits laitiers frais et assimilés
Dessert au soja aromatisé,rayon frais,0.86,Produits Laitiers,Produits laitiers frais et assimilés
Dessert de fruits,tout type de fruits (en taux de sucres : compotes allégées en sucres < desserts de fruits < compotes,0.95,Fruits et Légumes,Fruits
Dinde,viande-viande et peau,5.52,"Viandes, oeufs, poissons",
Dinde,escalope viennoise ou milanaise ou escalope panée,6.27,"Viandes, oeufs, poissons",Autres produits à base de viande
Dinde,escalope,6.82,"Viandes, oeufs, poissons",Viandes crues
Dinde,cuisse,6.97,"Viandes, oeufs, poissons",Viandes crues
Dinde,aile,6.98,"Viandes, oeufs, poissons",Viandes crues
Diot,cru,5.09,"Viandes, oeufs, poissons",Charcuteries
Dorade grise,ou daurade grise,7.46,"Viandes, oeufs, poissons",Poissons crus
Dorade rose,ou daurade rose,6.73,"Viandes, oeufs, poissons",Poissons crus
Dorade royale,ou daurade ou vraie daurade,9.04,"Viandes, oeufs, poissons",Poissons crus
Dorade royale ou daurade ou vraie daurade,cru,12.7,"Viandes, oeufs, poissons",Poissons crus
Double cheeseburger,provenant de fast food,13.1,Plats composés,Sandwichs
Dulse (Palmaria palmata),séché ou déshydratée,6.58,Aides culinaires et ingrédients divers,Algues
Dés,allumettes,6.96,"Viandes, oeufs, poissons",Charcuteries
Eau de source Cristaline,embouteillée,0.27,Boissons,Eaux
Eau de vie de vin,type armagnac,1.12,Boissons,Boissons alcoolisées
Eau minérale,embouteillée,0.27,Boissons,Eaux
Empereur,filet,10.8,"Viandes, oeufs, poissons",Poissons crus
Endive,cru,0.93,Fruits et Légumes,Légumes
Espadon,cru,4.25,"Viandes, oeufs, poissons",Poissons crus
Estragon,frais,0.69,Aides culinaires et ingrédients divers,Herbes
Faisselle,6% MG environ,5.14,Produits Laitiers,Produits laitiers frais et assimilés
Falafel ou Boulette de pois-chiche et/ou fève,frite,0.84,Plats composés,Plats composés
Fenouil,cru,0.97,Fruits et Légumes,Légumes
Fenouil,graine,1.1,Aides culinaires et ingrédients divers,Epices
Fenugrec,graine,9.19,Aides culinaires et ingrédients divers,Epices
Figue,cru,0.62,Fruits et Légumes,Fruits
Figue,sèche,1.09,Fruits et Légumes,Fruits
Figue de Barbarie,pulpe et graines,0.37,Fruits et Légumes,Fruits
Flan aux ufs,rayon frais,1.77,Produits Laitiers,Produits laitiers frais et assimilés
Fleur de sel,"non iodée,  non fluorée",0.61,Aides culinaires et ingrédients divers,Sels
Flétan de l'Atlantique ou flétan blanc,cru,4.25,"Viandes, oeufs, poissons",Poissons crus
Flétan du Groënland ou flétan noir ou flétan commun,cru,10.8,"Viandes, oeufs, poissons",Poissons crus
Focaccia,garnie,3.23,Plats composés,Sandwichs
Foie,canard-dinde-lapin-oie-poulet-volaille,1.84,"Viandes, oeufs, poissons",
Foie,porc,2.1,"Viandes, oeufs, poissons",Viandes crues
Foie,veau,17.8,"Viandes, oeufs, poissons",Viandes crues
Foie,agneau,21.6,"Viandes, oeufs, poissons",Viandes crues
Foie,génisse,22.1,"Viandes, oeufs, poissons",Viandes crues
Fondue savoyarde,(fromages vin  pain),3.72,Plats composés,Plats composés
Fougasse,garnie,1.12,Plats composés,Sandwichs
Fraise,cru,0.5,Fruits et Légumes,Fruits
Fraise de saison,cru,0.48,Fruits et Légumes,Fruits
Fraise hors saison,cru,0.55,Fruits et Légumes,Fruits
Framboise,cru,1.47,Fruits et Légumes,Fruits
Framboise,surgelé,1.92,Fruits et Légumes,Fruits
Frik (blé dur immature concassé),cru,1.67,Produits céréaliers,"Pâtes, riz et céréales"
Frites de pommes de terre,surgelé,1.34,Fruits et Légumes,Pommes de terre et autres tubercules
Fromage blanc nature,0% MG,1.61,Produits Laitiers,Produits laitiers frais et assimilés
Fromage blanc nature,3% MG environ,1.84,Produits Laitiers,Produits laitiers frais et assimilés
Fromage blanc nature,gourmand,2.21,Produits Laitiers,Produits laitiers frais et assimilés
Fromage blanc ou spécialité laitière,aux fruits,1.46,Produits Laitiers,Produits laitiers frais et assimilés
Fromage de chèvre bûche,allégé en matière grasse,6.21,Produits Laitiers,Fromages
Fromage de chèvre frais,au lait cru (type palet ou crottin frais),5.17,Produits Laitiers,Fromages
Fromage de chèvre frais,au lait pasteurisé ou cru (type crottin frais ou bûchette fraîche),5.76,Produits Laitiers,Fromages
Fromage de chèvre frais,au lait pasteurisé (type bûchette fraîche),6.21,Produits Laitiers,Fromages
Fromage de chèvre lactique affiné,(type bûchette crottin Sainte-Maure)-au lait pasteurisé (type bûchette ou crottin),6.21,Produits Laitiers,
Fromage de chèvre lactique affiné au lait cru,(type Crottin de Chavignol Picodon  Rocamadour  Sainte-Maure de Touraine),6.43,Produits Laitiers,Fromages
Fromage de chèvre à pâte molle non pressée non cuite croûte naturelle,au lait pasteurisé,7.61,Produits Laitiers,Fromages
Fromage fondu double crème,environ 31% MG,5.22,Produits Laitiers,Fromages
Fromage frais type petit suisse,aromatisé aux fruits-aux fruits,1.8,Produits Laitiers,
Fromage frais type petit suisse,nature,1.95,Produits Laitiers,Produits laitiers frais et assimilés
Fromage rond,à pâte molle et croûte fleurie 5 à 11% MG type camembert allégé en matière grasse,4.98,Produits Laitiers,Fromages
Fromage rond,à pâte molle et croûte fleurie environ 11% MG type coulommiers allégé en matière grasse,5.03,Produits Laitiers,Fromages
Fromage rond,à pâte molle et croûte fleurie environ 5% MG type camembert allégé en matière grasse,5.05,Produits Laitiers,Fromages
Fromage type feta,au lait de vache,5.15,Produits Laitiers,Fromages
Fromage à pate pressée cuite type emmental ou emmenthal,allégé en matière grasse,6.22,Produits Laitiers,Fromages
Fromage à pâte molle et croûte lavée,allégé environ 13% MG,5.22,Produits Laitiers,Fromages
Fromage à pâte molle à croûte lavée,au lait pasteurisé (type Vieux Pané),5.42,Produits Laitiers,Fromages
Fruit de la passion ou maracudja,pulpe et pépins,0.89,Fruits et Légumes,Fruits
Fruit à pain,cru,0.43,Fruits et Légumes,Pommes de terre et autres tubercules
Fruits rouges,crus (framboises  fraises  groseilles  cassis),1.47,Fruits et Légumes,Fruits
Fucus vésiculeux (Fucus serratus ou Fucus vesiculosus),séché ou déshydraté,6.58,Aides culinaires et ingrédients divers,Algues
Fève,fraîche-surgelé,0.5,Fruits et Légumes,
Fève,pelée,0.83,Fruits et Légumes,Légumineuses
Fève,sèche,0.95,Fruits et Légumes,Légumineuses
Fève à écosser,fraîche,0.95,Fruits et Légumes,Légumineuses
Galette de céréales aux légumes (sans soja),préemballé,1.52,Plats composés,Plats Végétariens
Galette de sarrasin,nature,0.91,Produits céréaliers,Gâteaux et pâtisseries
Galette des rois feuilletée,fourrée frangipane,3.72,Produits céréaliers,Gâteaux et pâtisseries
Galette ou pavé au blé et soja (convient aux véganes ou végétaliens),préemballé,1.82,Plats composés,Plats Végétariens
Galette ou pavé au soja et légumes,préemballé,1.91,Plats composés,Plats Végétariens
Gaufre croustillante (fine ou sèche),nature ou sucrée,2.47,Produits céréaliers,Gâteaux et pâtisseries
Gaufre croustillante (fine ou sèche),chocolatée,3.06,Produits céréaliers,Gâteaux et pâtisseries
Gaufre moelleuse (type bruxelloise ou liégeoise),nature ou sucrée,2.61,Produits céréaliers,Gâteaux et pâtisseries
Gaufre moelleuse (type bruxelloise ou liégeoise),chocolatée,5.33,Produits céréaliers,Gâteaux et pâtisseries
Gaufrette,fourrée vanille,2.88,Produits céréaliers,Céréales de petit-déjeuner et biscuits
Gaufrette fourrée,aux fruits,2.29,Produits céréaliers,Céréales de petit-déjeuner et biscuits
Gaufrette fourrée chocolat,préemballé,6.74,Produits céréaliers,Céréales de petit-déjeuner et biscuits
Gaufrette fourrée fruits à coque (noisette,amande,3.04,Produits céréaliers,Céréales de petit-déjeuner et biscuits
Gingembre,racine cru,0.45,Aides culinaires et ingrédients divers,Epices
Gingembre,poudre,0.98,Aides culinaires et ingrédients divers,Epices
Gnocchi à la pomme de terre,cru,0.82,Produits céréaliers,"Pâtes, riz et céréales"
Gnocchi à la semoule,cru,0.82,Produits céréaliers,"Pâtes, riz et céréales"
Gombo,fruit,1.61,Fruits et Légumes,Légumes
Goyave,pulpe,1.12,Fruits et Légumes,Fruits
Gracilaire ou ogonori (Gracilaria verrucosa),séché ou déshydratée,6.77,Aides culinaires et ingrédients divers,Algues
Grains de blé soufflés au miel ou caramel,enrichis en vitamines et minéraux,3.56,Produits céréaliers,Céréales de petit-déjeuner et biscuits
Grains de blé soufflés chocolatés,enrichis en vitamines et minéraux,3.4,Produits céréaliers,Céréales de petit-déjeuner et biscuits
Gratin ou cassolette de poisson et / ou fruits de mer,à cuire,8.83,Plats composés,Plats composés
Grenade,pulpe et pépins,0.49,Fruits et Légumes,Fruits
Grenadier (de roche),cru,10.8,"Viandes, oeufs, poissons",Poissons crus
Grenadier bleu ou hoki de Nouvelle-Zélande,cru,6.79,"Viandes, oeufs, poissons",Poissons crus
Griotte,cru,0.98,Fruits et Légumes,Fruits
Grondin,cru,6.73,"Viandes, oeufs, poissons",Poissons crus
Grondin perlon,cru,10.8,"Viandes, oeufs, poissons",Poissons crus
Groseille,cru,1.8,Fruits et Légumes,Fruits
Groseille à maquereau,cru,1.32,Fruits et Légumes,Fruits
Guacamole,préemballé,1.47,Aides culinaires et ingrédients divers,Sauces
Gâteau au chocolat,cur fondant,7.94,Produits Laitiers,Produits laitiers frais et assimilés
Gâteau au chocolat type forêt noire (génoise au chocolat et crème multi-couches,avec ou sans cerises),2.96,Produits céréaliers,Gâteaux et pâtisseries
Gâteau au citron,tout type,1.8,Produits céréaliers,Gâteaux et pâtisseries
Gâteau basque,cerises-crème pâtissière,2.28,Produits céréaliers,
Gâteau de riz,appertisé,1.6,Produits Laitiers,Produits laitiers frais et assimilés
Gâteau de riz au caramel,rayon frais,1.63,Produits Laitiers,Produits laitiers frais et assimilés
Gâteau de semoule,appertisé,1.5,Produits Laitiers,Produits laitiers frais et assimilés
Gâteau de semoule aux raisins et caramel,rayon frais,1.49,Produits Laitiers,Produits laitiers frais et assimilés
Gâteau moelleux au chocolat,préemballé,9.34,Produits céréaliers,Gâteaux et pâtisseries
Gâteau mousse de fruits sur génoise,type miroir,2.0,Produits céréaliers,Gâteaux et pâtisseries
Gâteau sablé aux fruits,préemballé,2.46,Produits céréaliers,Gâteaux et pâtisseries
Gélatine,sèche,1.78,Aides culinaires et ingrédients divers,Ingrédients divers
Gésier,poulet,1.84,"Viandes, oeufs, poissons",Viandes crues
Haché végétal à base de soja,préemballé,1.77,Plats composés,Plats Végétariens
Haché à base de buf ou Préparation de viande hachée de boeuf,15% MG,16.7,"Viandes, oeufs, poissons",Autres produits à base de viande
Hamburger,provenant de fast food,17.5,Plats composés,Sandwichs
Hareng,cru,2.31,"Viandes, oeufs, poissons",Poissons crus
Hareng,frit-grillé/poêlé,2.8,"Viandes, oeufs, poissons",
Hareng fumé,au naturel-filet-à l'huile,2.19,"Viandes, oeufs, poissons",
Hareng gras,cru,2.31,"Viandes, oeufs, poissons",Poissons crus
Hareng maigre,cru,2.31,"Viandes, oeufs, poissons",Poissons crus
Haricot blanc,sec,0.59,Fruits et Légumes,Légumineuses
Haricot blanc,appertisé,0.8,Fruits et Légumes,Légumineuses
Haricot de Lima,cru,0.77,Fruits et Légumes,Légumes
Haricot de mer (Himanthalia elongata),séché ou déshydratée,6.58,Aides culinaires et ingrédients divers,Algues
Haricot flageolet,surgelé,0.5,Fruits et Légumes,Légumineuses
Haricot flageolet,vert,0.69,Fruits et Légumes,Légumineuses
Haricot flageolet,appertisé,1.16,Fruits et Légumes,Légumineuses
Haricot mungo,sec,0.7,Fruits et Légumes,Légumineuses
Haricot mungo germé ou pousse de soja,cru,0.77,Fruits et Légumes,Légumes
Haricot mungo germé ou pousse de soja,appertisé,1.65,Fruits et Légumes,Légumes
Haricot plat,cru,0.55,Fruits et Légumes,Légumes
Haricot rouge,sec,0.95,Fruits et Légumes,Légumineuses
Haricot rouge,appertisé,1.2,Fruits et Légumes,Légumineuses
Haricot vert,cru,0.45,Fruits et Légumes,Légumes
Haricot vert,surgelé,0.81,Fruits et Légumes,Légumes
Haricot vert,appertisé,1.12,Fruits et Légumes,Légumes
Haricot vert importé par avion,cru,6.51,Fruits et Légumes,Légumes
Haricots blancs à la sauce tomate,appertisés,0.61,Plats composés,Plats composés
Haricots verts,purée,0.8,Fruits et Légumes,Légumes
Herbes de Provence,séché,1.56,Aides culinaires et ingrédients divers,Herbes
Hoki,tout lieu de pêche,10.8,"Viandes, oeufs, poissons",Poissons crus
Huile de palme,sans précision,5.6,Matières grasses,Huiles et graisses végétales
Huile pour friture,sans précision,2.71,Matières grasses,Huiles et graisses végétales
Huître,sans précision,4.92,"Viandes, oeufs, poissons",Mollusques et crustacés crus
Huître creuse,cru,4.92,"Viandes, oeufs, poissons",Mollusques et crustacés crus
Huître plate,cru,4.92,"Viandes, oeufs, poissons",Mollusques et crustacés crus
Igname,épluchée,0.59,Fruits et Légumes,Pommes de terre et autres tubercules
Ile flottante,rayon frais,1.83,Produits Laitiers,Produits laitiers frais et assimilés
Jambon cru,fumé,14.2,"Viandes, oeufs, poissons",Charcuteries
Jambon cuit,choix-de Paris-fumé-supérieur,7.1,"Viandes, oeufs, poissons",
Jambon sec,découenné,17.9,"Viandes, oeufs, poissons",Charcuteries
Joëls (petits poissons entiers) pour friture,crus,1.51,"Viandes, oeufs, poissons",Poissons crus
Julienne ou Lingue,cru,10.8,"Viandes, oeufs, poissons",Poissons crus
Julienne ou brunoise de légumes,surgelé,0.73,Fruits et Légumes,Légumes
Jus d'ananas,à base de concentré,4.72,Boissons,Boissons sans alcool
Jus d'ananas,pur jus,6.51,Boissons,Boissons sans alcool
Jus d'orange,maison,0.91,Boissons,Boissons sans alcool
Jus d'orange,à base de concentré,1.1,Boissons,Boissons sans alcool
Jus de carotte,pur jus,0.35,Boissons,Boissons sans alcool
Jus de citron,pur jus,0.79,Boissons,Boissons sans alcool
Jus de mangue,frais,0.48,Boissons,Boissons sans alcool
Jus de pamplemousse (pomelo),pur jus,1.0,Boissons,Boissons sans alcool
Jus de pomme,pur jus,0.5,Boissons,Boissons sans alcool
Jus de raisin,pur jus,0.45,Boissons,Boissons sans alcool
Jus de tomate,pur jus (aliment moyen),0.5,Boissons,Boissons sans alcool
Jus multifruit,pur jus-à base de concentré,0.91,Boissons,
Jus multifruit - base orange,multivitaminé,1.08,Boissons,Boissons sans alcool
Jus multifruit - base pomme,standard,0.73,Boissons,Boissons sans alcool
Kaki,pulpe,0.91,Fruits et Légumes,Fruits
Khatfa feuille de brick,préemballé,0.98,Produits céréaliers,Farines et pâtes à tarte
Kiwi,pulpe et graines,0.99,Fruits et Légumes,Fruits
Kombu breton (Laminaria digitata),séché ou déshydratée,6.58,Aides culinaires et ingrédients divers,Algues
Kombu ou kombu japonais (Laminaria japonica),séché ou déshydratée,6.77,Aides culinaires et ingrédients divers,Algues
Kombu royal (Saccharina latissima),séché ou déshydratée,6.77,Aides culinaires et ingrédients divers,Algues
Kumquat,sans pépin,0.54,Fruits et Légumes,Fruits
Lait concentré non sucré,entier,2.54,Produits Laitiers,Laits
Lait concentré sucré,entier,2.54,Produits Laitiers,Laits
Lait de brebis,entier,2.09,Produits Laitiers,Laits
Lait de chèvre,demi-écrémé-entier,1.48,Produits Laitiers,
Lait demi-écrémé,UHT-pasteurisé-à teneur réduite en lactose,1.32,Produits Laitiers,
Lait emprésuré aromatisé,rayon frais,1.56,Produits Laitiers,Produits laitiers frais et assimilés
Lait en poudre,demi-écrémé-entier-écrémé,14.8,Produits Laitiers,
Lait entier,UHT-pasteurisé,1.5,Produits Laitiers,
Lait fermenté ou spécialité laitière type yaourt,aromatisé,1.46,Produits Laitiers,Produits laitiers frais et assimilés
Lait fermenté ou spécialité laitière type yaourt,nature,2.12,Produits Laitiers,Produits laitiers frais et assimilés
Lait fermenté ou spécialité laitière type yaourt,aux fruits,2.13,Produits Laitiers,Produits laitiers frais et assimilés
Lait fermenté à boire,nature,1.46,Produits Laitiers,Produits laitiers frais et assimilés
Lait gélifié aromatisé,allégé en matière grasse et en sucre-rayon frais,1.52,Produits Laitiers,
Lait gélifié aromatisé,nappé caramel,1.69,Produits Laitiers,Produits laitiers frais et assimilés
Lait écrémé,UHT-pasteurisé,1.19,Produits Laitiers,
Laitue,cru,0.95,Fruits et Légumes,Légumes
Laitue de mer (Ulva sp.),séché ou déshydratée,6.58,Aides culinaires et ingrédients divers,Algues
Laitue iceberg,cru,0.91,Fruits et Légumes,Légumes
Laitue romaine,cru,0.95,Fruits et Légumes,Légumes
Langoustine,cru,24.2,"Viandes, oeufs, poissons",Mollusques et crustacés crus
Langue,porc,2.1,"Viandes, oeufs, poissons",Viandes crues
Langue,veau,17.8,"Viandes, oeufs, poissons",Viandes crues
Langue,boeuf,22.1,"Viandes, oeufs, poissons",Viandes crues
Lapin,viande cru,6.98,"Viandes, oeufs, poissons",Viandes crues
Lapin de garenne,viande,6.98,"Viandes, oeufs, poissons",Viandes crues
Lard gras,cru,1.59,Matières grasses,Autres matières grasses
Lardon fumé,cru,6.39,"Viandes, oeufs, poissons",Charcuteries
Lardon nature,cru,6.39,"Viandes, oeufs, poissons",Charcuteries
Laurier,feuille,0.85,Aides culinaires et ingrédients divers,Epices
Lentille,germée-sèche,0.91,Fruits et Légumes,
Lentille,cuisinée,1.12,Fruits et Légumes,Légumineuses
Lentille blonde,sèche,0.91,Fruits et Légumes,Légumineuses
Lentille corail,sèche,0.91,Fruits et Légumes,Légumineuses
Lentille verte,sèche,0.91,Fruits et Légumes,Légumineuses
Levure de boulanger,déshydratée,5.61,Aides culinaires et ingrédients divers,Ingrédients divers
Levure de boulanger,compressée,5.71,Aides culinaires et ingrédients divers,Ingrédients divers
Lichen de mer ou pioca ou goémon rouge (Chondrus crispus),séché ou déshydraté,6.58,Aides culinaires et ingrédients divers,Algues
Lieu jaune ou colin,cru,10.8,"Viandes, oeufs, poissons",Poissons crus
Lieu noir,surgelé,4.35,"Viandes, oeufs, poissons",Poissons crus
Lieu noir,cru,5.88,"Viandes, oeufs, poissons",Poissons crus
Lieu ou colin d'Alaska,fumé,10.7,"Viandes, oeufs, poissons",Poissons cuits
Lieu ou colin d'Alaska,cru,10.8,"Viandes, oeufs, poissons",Poissons crus
Limande,cru,10.8,"Viandes, oeufs, poissons",Poissons crus
Limande-sole,cru,10.8,"Viandes, oeufs, poissons",Poissons crus
Limande-sole,panée,13.3,"Viandes, oeufs, poissons",Produits à base de poissons et produits de la mer
Limonade,non sucrée-sucrée,0.51,Boissons,
Lin,brun-graine,3.6,Fruits et Légumes,
Lingue bleue ou Lingue,cru,10.8,"Viandes, oeufs, poissons",Poissons crus
Litchi,pulpe,0.54,Fruits et Légumes,Fruits
Liégeois ou viennois,(chocolat café  caramel ou vanille) rayon frais,4.63,Produits Laitiers,Produits laitiers frais et assimilés
Lotte ou baudroie,cru,10.8,"Viandes, oeufs, poissons",Poissons crus
Lotte ou baudroie,grillée/poêlée,13.2,"Viandes, oeufs, poissons",Poissons cuits
Loup tacheté,cru,10.8,"Viandes, oeufs, poissons",Poissons crus
Lupin,graine cru,1.17,Fruits et Légumes,Légumineuses
Luzerne,graine-graine germée,3.52,Fruits et Légumes,
Légumes,mélange surgelé,1.56,Fruits et Légumes,Légumes
Légumes (3-4 sortes en mélange),purée,0.98,Fruits et Légumes,Légumes
Légumes pour couscous,surgelés,0.8,Fruits et Légumes,Légumes
Légumes pour potages,surgelés,1.56,Fruits et Légumes,Légumes
Légumes pour ratatouille,surgelés,0.82,Fruits et Légumes,Légumes
Macédoine de légumes,surgelé,0.78,Fruits et Légumes,Légumes
Macédoine de légumes,appertisée,0.91,Fruits et Légumes,Légumes
Macédoine ou cocktail ou salade de fruits,au sirop léger,0.84,Fruits et Légumes,Fruits
Macédoine ou cocktail ou salade de fruits,au sirop,0.9,Fruits et Légumes,Fruits
Madeleine chocolatée,préemballé,7.58,Produits céréaliers,Gâteaux et pâtisseries
Madeleine ordinaire,préemballé,1.95,Produits céréaliers,Gâteaux et pâtisseries
Madeleine traditionnelle,pur beurre,3.53,Produits céréaliers,Gâteaux et pâtisseries
Mandarine,pulpe,0.42,Fruits et Légumes,Fruits
Mangue importée par avion,pulpe,10.7,Fruits et Légumes,Fruits
Mangue importée par bateau,pulpe,0.69,Fruits et Légumes,Fruits
Manioc,racine cru,0.54,Fruits et Légumes,Pommes de terre et autres tubercules
Maquereau,fumé,2.13,"Viandes, oeufs, poissons",Poissons cuits
Maquereau,cru,2.25,"Viandes, oeufs, poissons",
Maquereau,frit,2.73,"Viandes, oeufs, poissons",Poissons cuits
Maquereau,au naturel-filet au vin blanc-filet sauce moutarde-filet sauce tomate,8.51,"Viandes, oeufs, poissons",
Maquereau espagnol ou maquereau blanc ou billard,cru,2.25,"Viandes, oeufs, poissons",Poissons crus
Marjolaine,séché,1.55,Aides culinaires et ingrédients divers,Herbes
Maroilles,sans précision,5.47,Produits Laitiers,Fromages
Matière grasse laitière à 20% MG,légère,4.52,Matières grasses,Beurres
Matière grasse laitière à 25% MG,légère,5.08,Matières grasses,Beurres
Maïs doux,surgelé,1.01,Fruits et Légumes,Légumes
Maïs doux,en épis,1.23,Fruits et Légumes,Légumes
Maïs doux,appertisé,1.33,Fruits et Légumes,Légumes
Maïs entier,cru,0.81,Produits céréaliers,"Pâtes, riz et céréales"
Melon cantaloup (par ex.: Charentais,de Cavaillon) pulpe,0.93,Fruits et Légumes,Fruits
Melon miel ou melon honeydew,pulpe,0.93,Fruits et Légumes,Fruits
Meloukhia,feuilles de corète séché,1.5,Aides culinaires et ingrédients divers,Herbes
Menthe,fraîche,0.69,Aides culinaires et ingrédients divers,Herbes
Merguez,cru-porc et buf,25.0,"Viandes, oeufs, poissons",
Merguez,pur buf,30.4,"Viandes, oeufs, poissons",Charcuteries
Merguez,buf,32.3,"Viandes, oeufs, poissons",Charcuteries
Merguez,boeuf et mouton,39.55,"Viandes, oeufs, poissons",Charcuteries
Merlan,cru,10.8,"Viandes, oeufs, poissons",Poissons crus
Merlan,frit,13.2,"Viandes, oeufs, poissons",Poissons cuits
Merlan,pané,13.3,"Viandes, oeufs, poissons",Produits à base de poissons et produits de la mer
Merlu,cru,6.79,"Viandes, oeufs, poissons",Poissons crus
Merlu,filet,7.29,"Viandes, oeufs, poissons",Poissons crus
Merlu blanc du Cap,surgelé,6.78,"Viandes, oeufs, poissons",Poissons crus
Mesclun ou salade,mélange de jeunes pousses,1.1,Fruits et Légumes,Légumes
Miettes de thon à l'huile,appertisées,6.11,"Viandes, oeufs, poissons",Produits à base de poissons et produits de la mer
Miettes de thon à la tomate,appertisées,4.92,"Viandes, oeufs, poissons",Produits à base de poissons et produits de la mer
Mil entier,cru,0.88,Produits céréaliers,"Pâtes, riz et céréales"
Milk-shake,provenant de fast food,1.36,Produits Laitiers,Produits laitiers frais et assimilés
Mimolette,sans précision,6.16,Produits Laitiers,Fromages
Mortadelle,porc et boeuf-pur porc,9.18,"Viandes, oeufs, poissons",
Morue,salée,12.0,"Viandes, oeufs, poissons",Poissons crus
Moule,appertisée,5.4,"Viandes, oeufs, poissons",Produits à base de poissons et produits de la mer
Moule commune,cru,4.95,"Viandes, oeufs, poissons",Mollusques et crustacés crus
Moule de Méditerranée,cru,4.95,"Viandes, oeufs, poissons",Mollusques et crustacés crus
Moules farcies,(matière grasse persillade),3.24,Plats composés,Plats composés
Moules à la sauce catalane ou escabèche (tomate),appertisée,3.7,"Viandes, oeufs, poissons",Produits à base de poissons et produits de la mer
Mousse au chocolat (base laitière),rayon frais,9.47,Produits Laitiers,Produits laitiers frais et assimilés
Mousse au chocolat traditionnelle,rayon frais,9.47,Produits Laitiers,Produits laitiers frais et assimilés
Mousse aux fruits,rayon frais,2.13,Produits Laitiers,Produits laitiers frais et assimilés
Mousse liégeoise,(chocolat café  caramel ou vanille) rayon frais,4.48,Produits Laitiers,Produits laitiers frais et assimilés
Mousse à la crème de marrons,rayon frais,2.13,Produits Laitiers,Produits laitiers frais et assimilés
Mouton,pied-tête,27.1,"Viandes, oeufs, poissons",
Mouton,viande-épaule,33.0,"Viandes, oeufs, poissons",
Mouton,gigot,41.3,"Viandes, oeufs, poissons",Viandes crues
Muesli croustillant au chocolat,avec ou sans fruits,2.14,Produits céréaliers,Céréales de petit-déjeuner et biscuits
Muesli croustillant aux fruits et/ou fruits secs,graines (non enrichi en vitamines et minéraux),2.14,Produits céréaliers,Céréales de petit-déjeuner et biscuits
Muesli croustillant aux fruits ou fruits secs,enrichi en vitamines et minéraux,2.14,Produits céréaliers,Céréales de petit-déjeuner et biscuits
Muesli floconneux aux fruits ou fruits secs,enrichi en vitamines et minéraux-sans sucres ajoutés,2.14,Produits céréaliers,
Muffin,aux myrtilles ou au chocolat,4.24,Produits céréaliers,Gâteaux et pâtisseries
Muffin anglais,complet,0.97,Produits céréaliers,Pains et viennoiseries
Muffin anglais,petit pain spécial,1.98,Produits céréaliers,Pains et viennoiseries
Mulet,cru,10.8,"Viandes, oeufs, poissons",Poissons crus
Multi-céréales soufflées ou extrudées,enrichies en vitamines et minéraux,3.56,Produits céréaliers,Céréales de petit-déjeuner et biscuits
Myrtille,cru,0.88,Fruits et Légumes,Fruits
Myrtille,surgelé,1.33,Fruits et Légumes,Fruits
Mâche,cru,0.95,Fruits et Légumes,Légumes
Mélange de céréales et légumineuses,cru,0.79,Produits céréaliers,"Pâtes, riz et céréales"
Mérou,cru,4.25,"Viandes, oeufs, poissons",Poissons crus
Mûre (de ronce),cru,0.94,Fruits et Légumes,Fruits
Mûre (de ronce),surgelé,1.39,Fruits et Légumes,Fruits
Mûre noire (du mûrier),cru,1.21,Fruits et Légumes,Fruits
Navet,pelé,0.36,Fruits et Légumes,Légumes
Navet,surgelé,0.74,Fruits et Légumes,Légumes
Nectar multifruit,multivitaminé-standard,0.91,Boissons,
Nectarine ou brugnon,pulpe et peau,0.64,Fruits et Légumes,Fruits
Nem ou Pâté impérial,au porc-au poulet-aux crevettes et/ou au crabe,3.35,Plats composés,
Noisette grillée,salée,4.93,Fruits et Légumes,Fruits à coque et graines oléagineuses
Noix,fraîche-séché,4.17,Fruits et Légumes,
Noix de cajou,grillée,3.62,Fruits et Légumes,Fruits à coque et graines oléagineuses
Noix de coco,amande-amande immature-amande mûre,2.5,Fruits et Légumes,
Noix de macadamia,grillée,3.65,Fruits et Légumes,Fruits à coque et graines oléagineuses
Noix de pécan,salées,3.65,Fruits et Légumes,Fruits à coque et graines oléagineuses
Nori (Porphyra sp.),séché ou déshydratée,6.77,Aides culinaires et ingrédients divers,Algues
Nouilles asiatiques aromatisées,déshydratées,1.67,Produits céréaliers,"Pâtes, riz et céréales"
Nouilles asiatiques cuites,aromatisées-nature,1.34,Produits céréaliers,
Nuggets soja et blé (convient aux véganes ou végétaliens),préemballé,1.57,Plats composés,Plats Végétariens
Oeuf,cru,3.19,"Viandes, oeufs, poissons",Oeufs
Oeuf,au plat,3.56,"Viandes, oeufs, poissons",Oeufs
Oeuf,dur,3.67,"Viandes, oeufs, poissons",Oeufs
Oeuf,poché-à la coque,3.82,"Viandes, oeufs, poissons",
Oeuf,blanc (blanc d'oeuf)-jaune (jaune d'oeuf),3.83,"Viandes, oeufs, poissons",
Oeuf,brouillé,4.62,"Viandes, oeufs, poissons",Oeufs
Oeuf,en poudre,5.13,"Viandes, oeufs, poissons",Oeufs
Oeuf d'oie,cru,3.19,"Viandes, oeufs, poissons",Oeufs
Oeuf de cane,cru,3.19,"Viandes, oeufs, poissons",Oeufs
Oeuf de dinde,cru,2.8,"Viandes, oeufs, poissons",Oeufs
Oie,viande cru-viande et peau,6.98,"Viandes, oeufs, poissons",
Oignon,cru,0.39,Fruits et Légumes,Légumes
Oignon,surgelé,0.92,Fruits et Légumes,Légumes
Oignon,séché,3.68,Fruits et Légumes,Légumes
Olives vertes,"fourrées ou farcies (anchois  poivrons, etc)",0.89,Aides culinaires et ingrédients divers,Condiments
Omble chevalier,cru,5.3,"Viandes, oeufs, poissons",Poissons crus
Orange,pulpe,0.64,Fruits et Légumes,Fruits
Orge entière,cru,0.79,Produits céréaliers,"Pâtes, riz et céréales"
Orge perlée,cru,0.79,Produits céréaliers,"Pâtes, riz et céréales"
Origan,séché,1.55,Aides culinaires et ingrédients divers,Herbes
Orphie commune,cru,1.94,"Viandes, oeufs, poissons",Poissons crus
Oseille,cru,0.63,Fruits et Légumes,Légumes
Pain,baguette,0.69,Produits céréaliers,Pains et viennoiseries
Pain,baguette ou boule,0.77,Produits céréaliers,Pains et viennoiseries
Pain,sans gluten,1.81,Produits céréaliers,Pains et viennoiseries
Pain au chocolat,préemballé,5.2,Produits céréaliers,Pains et viennoiseries
Pain au chocolat feuilleté,artisanal,5.2,Produits céréaliers,Pains et viennoiseries
Pain au lait,artisanal-préemballé,2.55,Produits céréaliers,
Pain au lait aux pépites de chocolat,préemballé,3.48,Produits céréaliers,Pains et viennoiseries
Pain courant français,400g ou boule,0.69,Produits céréaliers,Pains et viennoiseries
Pain de mie,sans croûte,1.26,Produits céréaliers,Pains et viennoiseries
Pain de mie,multicéréale,1.43,Produits céréaliers,Pains et viennoiseries
Pain de mie,au son-complet-courant,1.76,Produits céréaliers,
Pain de mie brioché,préemballé,1.87,Produits céréaliers,Pains et viennoiseries
Pain de seigle,et froment,0.67,Produits céréaliers,Pains et viennoiseries
Pain grillé,tranches,0.76,Produits céréaliers,Pains et viennoiseries
Pain grillé,domestique,0.96,Produits céréaliers,Pains et viennoiseries
Pain grillé brioché,tranché,1.71,Produits céréaliers,Pains et viennoiseries
Pain pour hamburger ou hot dog (bun),complet,0.68,Produits céréaliers,Pains et viennoiseries
Pain pour hamburger ou hot dog (bun),préemballé,1.7,Produits céréaliers,Pains et viennoiseries
Palet ou galette de légumes,préfrit,1.21,Plats composés,Plats composés
Palmier,artisanal,2.85,Produits céréaliers,Céréales de petit-déjeuner et biscuits
Pamplemousse chinois,pulpe,0.86,Fruits et Légumes,Fruits
Panais,cru,0.46,Fruits et Légumes,Légumes
Panga,Pangasius,17.0,"Viandes, oeufs, poissons",Poissons cuits
Pangasius ou Poisson-chat,cru,12.7,"Viandes, oeufs, poissons",Poissons crus
Panna cotta,rayon frais,1.92,Produits Laitiers,Produits laitiers frais et assimilés
Papaye,pulpe,0.86,Fruits et Légumes,Fruits
Pastèque,pulpe,0.64,Fruits et Légumes,Fruits
Patate douce,cru,0.3,Fruits et Légumes,Pommes de terre et autres tubercules
Patate douce,purée,0.92,Fruits et Légumes,Pommes de terre et autres tubercules
Pavot,graine,1.84,Aides culinaires et ingrédients divers,Epices
Pecten d'Amérique ou Peigne du canada,noix,9.68,"Viandes, oeufs, poissons",Mollusques et crustacés crus
Perche,cru,5.3,"Viandes, oeufs, poissons",Poissons crus
Perche du Nil,cru,6.64,"Viandes, oeufs, poissons",Poissons crus
Persil,frais,1.09,Aides culinaires et ingrédients divers,Herbes
Persil,séché,3.35,Aides culinaires et ingrédients divers,Herbes
Petits pois,crus,0.67,Fruits et Légumes,Légumes
Petits pois,purée,1.01,Fruits et Légumes,Légumes
Petits pois,surgelés,1.15,Fruits et Légumes,Légumes
Petits pois,appertisés,1.33,Fruits et Légumes,Légumes
Petits pois et carottes,surgelés,0.96,Fruits et Légumes,Légumes
Petits pois et carottes,appertisés,0.99,Fruits et Légumes,Légumes
Pilchard,sauce tomate,6.09,"Viandes, oeufs, poissons",Produits à base de poissons et produits de la mer
Piment,cru,1.19,Fruits et Légumes,Légumes
Pintade,poitrine,6.82,"Viandes, oeufs, poissons",Viandes crues
Pintade,cru-cuisse,6.98,"Viandes, oeufs, poissons",
Pissenlit,cru,0.95,Fruits et Légumes,Légumes
Pistache,grillée,7.35,Fruits et Légumes,Fruits à coque et graines oléagineuses
Pizza,sauce garniture pour,0.72,Aides culinaires et ingrédients divers,Aides culinaires
Pizza aux lardons,oignons et fromage,3.59,Plats composés,"Pizzas, tartes et crêpes salées"
Pizza jambon fromage champignons ou pizza royale,reine ou regina,3.27,Plats composés,"Pizzas, tartes et crêpes salées"
Pizza à la viande,type bolognaise,7.48,Plats composés,"Pizzas, tartes et crêpes salées"
Plat légumes,avec féculent,0.8,Aliments infantiles,Petits pots salés et plats infantiles
Plat légumes,avec féculent et lait/crème,0.9,Aliments infantiles,Petits pots salés et plats infantiles
Plat légumes,avec féculent et viande/poisson,1.85,Aliments infantiles,Petits pots salés et plats infantiles
Plie commune,cru,10.8,"Viandes, oeufs, poissons",Poissons crus
Poire,pulpe-pulpe et peau,0.37,Fruits et Légumes,
Poire au sirop léger,appertisée,0.49,Fruits et Légumes,Fruits
Poireau,cru,0.77,Fruits et Légumes,Légumes
Poireau,surgelé,1.06,Fruits et Légumes,Légumes
Pois cassé,sec,0.88,Fruits et Légumes,Légumineuses
Pois chiche,sec,0.99,Fruits et Légumes,Légumineuses
Pois chiche,appertisé,1.93,Fruits et Légumes,Légumineuses
Pois mange-tout ou pois gourmand,cru,0.91,Fruits et Légumes,Légumes
Poisson,croquette ou beignet ou nuggets,7.86,"Viandes, oeufs, poissons",Produits à base de poissons et produits de la mer
Poisson blanc à la marinière,(sauce aux oignons  vin blanc  moules),7.77,Plats composés,Plats composés
Poisson en sauce,surgelé,8.79,Plats composés,Plats composés
Poisson pané,frit,8.35,"Viandes, oeufs, poissons",Produits à base de poissons et produits de la mer
Poisson pané,surgelé,8.48,"Viandes, oeufs, poissons",Produits à base de poissons et produits de la mer
Poitrine de porc,fumée,6.28,"Viandes, oeufs, poissons",Charcuteries
Poivre blanc,poudre,9.19,Aides culinaires et ingrédients divers,Epices
Poivre noir,poudre,9.19,Aides culinaires et ingrédients divers,Epices
Poivron,vert,1.19,Fruits et Légumes,Légumes
Poivron jaune,cru,1.19,Fruits et Légumes,Légumes
Poivron rouge,cru,1.19,Fruits et Légumes,Légumes
Poivron rouge,appertisé,1.31,Fruits et Légumes,Légumes
Poivron vert,cru,1.19,Fruits et Légumes,Légumes
Polenta ou semoule de maïs,précuite,1.67,Produits céréaliers,"Pâtes, riz et céréales"
Pomelo (dit Pamplemousse),pulpe,1.18,Fruits et Légumes,Fruits
Pomelo (dit Pamplemousse) jaune,pulpe,1.18,Fruits et Légumes,Fruits
Pomelo (dit Pamplemousse) rose,pulpe,1.18,Fruits et Légumes,Fruits
Pomme,pulpe et peau,0.4,Fruits et Légumes,Fruits
Pomme,pulpe,0.68,Fruits et Légumes,Fruits
Pomme,sèche,1.69,Fruits et Légumes,Fruits
Pomme Canada,pulpe,0.4,Fruits et Légumes,Fruits
Pomme Golden,pulpe et peau,0.46,Fruits et Légumes,Fruits
Pomme de terre,sans peau,0.65,Fruits et Légumes,Pommes de terre et autres tubercules
Pomme de terre,sautée/poêlée,0.81,Fruits et Légumes,Pommes de terre et autres tubercules
Pomme de terre,flocons déshydratés,1.01,Fruits et Légumes,Pommes de terre et autres tubercules
Pomme de terre,purée-purée à base de flocons,1.39,Fruits et Légumes,
Pomme de terre dauphine,surgelé,2.58,Fruits et Légumes,Pommes de terre et autres tubercules
Pomme de terre de conservation,sans peau,0.65,Fruits et Légumes,Pommes de terre et autres tubercules
Pomme de terre duchesse,surgelé,2.14,Fruits et Légumes,Pommes de terre et autres tubercules
Pomme de terre noisette,surgelé,4.23,Fruits et Légumes,Pommes de terre et autres tubercules
Pomme de terre nouvelle,cru,0.37,Fruits et Légumes,Pommes de terre et autres tubercules
Pomme de terre primeur,sans peau,0.65,Fruits et Légumes,Pommes de terre et autres tubercules
Pomme de terre rissolée,surgelé,1.21,Fruits et Légumes,Pommes de terre et autres tubercules
Pomme de terre vapeur,sous vide,0.82,Fruits et Légumes,Pommes de terre et autres tubercules
Pop-corn ou Maïs éclaté,à l'huile,0.91,Produits céréaliers,Céréales de petit-déjeuner et biscuits
Pop-corn ou Maïs éclaté,à l'air,0.98,Produits céréaliers,Céréales de petit-déjeuner et biscuits
Pop-corn ou Maïs éclaté,au caramel,1.64,Produits céréaliers,Céréales de petit-déjeuner et biscuits
Porc,bardière découennée,1.72,"Viandes, oeufs, poissons",Viandes crues
Porc,gorge-poitrine cutter,6.39,"Viandes, oeufs, poissons",
Porc,épaule,8.33,"Viandes, oeufs, poissons",Viandes crues
Porc,escalope de jambon-filet-filet mignon-hachage sans jarret-longe-maigre 80/20-maigre 90/10-palette-poitrine-rouelle de jambon-rôti-rôti filet avec chaînette-échine,10.4,"Viandes, oeufs, poissons",
Porc,carré-côte-jambonneau arrière-jarret-travers,10.5,"Viandes, oeufs, poissons",
Porc,jambon sans jarret,13.1,"Viandes, oeufs, poissons",Viandes cuites
Potimarron,pulpe,0.6,Fruits et Légumes,Légumes
Potiron,cru,0.62,Fruits et Légumes,Légumes
Potiron,appertisé,1.13,Fruits et Légumes,Légumes
Poudre cacaotée ou au chocolat pour boisson,sucrée,27.5,Boissons,Boissons sans alcool
Poudre cacaotée ou au chocolat sucrée pour boisson,enrichie en vitamines et minéraux,27.5,Boissons,Boissons sans alcool
Poule,cuisse-viande-viande et peau,6.98,"Viandes, oeufs, poissons",
Poulet,viande-viande et peau,5.52,"Viandes, oeufs, poissons",
Poulet,croquette panée ou nuggets,6.04,"Viandes, oeufs, poissons",Autres produits à base de viande
Poulet,filet-poitrine,6.82,"Viandes, oeufs, poissons",
Poulet,aile-cuisse-haut de cuisse-pilon,6.98,"Viandes, oeufs, poissons",
Poulet,manchons marinés,7.14,"Viandes, oeufs, poissons",Autres produits à base de viande
Poulet,escalope panée,9.06,"Viandes, oeufs, poissons",Autres produits à base de viande
Poulet (var. blanc),viande et peau,6.98,"Viandes, oeufs, poissons",Viandes crues
Poulet fermier,viande et peau,6.98,"Viandes, oeufs, poissons",Viandes crues
Poulet éviscéré sans abats,cru,6.98,"Viandes, oeufs, poissons",Viandes crues
Poêlée de légumes assaisonnés aux champignons (champêtre),surgelé,1.19,Plats composés,Plats composés
Poêlée de légumes assaisonnés grillée,méridionale ou méditerranéenne,1.19,Plats composés,Plats composés
Poêlée de légumes assaisonnés sans champignon,surgelé,1.19,Plats composés,Plats composés
Poêlée de légumes assaisonnés à l'asiatiques ou wok de légumes,surgelé,1.19,Plats composés,Plats composés
Poêlée de pommes de terre préfrites,lardons ou poulet,2.28,Plats composés,Plats composés
Printanière de légumes,surgelé,1.56,Fruits et Légumes,Légumes
Profiteroles (crème pâtissière et sauce chocolat),rayon frais,3.77,Produits Laitiers,Produits laitiers frais et assimilés
Protéine de soja texturée,réhydratée,1.25,"Viandes, oeufs, poissons",Substituts de viande
Prune,cru,0.98,Fruits et Légumes,Fruits
Prune Reine-Claude,cru,0.98,Fruits et Légumes,Fruits
Pruneau,sec,2.9,Fruits et Légumes,Fruits
Préparation culinaire à base de soja, type crème de soja,1.04,Aides culinaires et ingrédients divers,Aides culinaires
Purée de fruits,tout type de fruits,0.8,Fruits et Légumes,Fruits
Pâte brisée,pur beurre,3.26,Produits céréaliers,Farines et pâtes à tarte
Pâte brisée,cru-matière grasse végétale,3.31,Produits céréaliers,
Pâte d'amande,préemballé,2.38,Fruits et Légumes,Fruits à coque et graines oléagineuses
Pâte feuilletée,surgelé,3.54,Produits céréaliers,Farines et pâtes à tarte
Pâte feuilletée,matière grasse végétale,3.64,Produits céréaliers,Farines et pâtes à tarte
Pâte phyllo ou Pâte filo,cru,1.78,Produits céréaliers,Farines et pâtes à tarte
Pâte sablée,cru,3.25,Produits céréaliers,Farines et pâtes à tarte
Pâte à pizza fine,cru,1.13,Produits céréaliers,Farines et pâtes à tarte
Pâtes en sauce aux fromages (spaghetti,tagliatelles),2.96,Plats composés,Plats composés
Pâtes fraîches,aux ufs,1.66,Produits céréaliers,"Pâtes, riz et céréales"
Pâtes fraîches farcies (ex : raviolis),aux légumes,2.19,Plats composés,Plats composés
Pâtes fraîches farcies (ex : raviolis),au fromage et aux légumes-ravioles du Dauphiné,3.05,Plats composés,
Pâtes fraîches farcies (ex : raviolis),à la viande (ex : bolognaise),14.2,Plats composés,Plats composés
Pâtes sèches,sans gluten,1.17,Produits céréaliers,"Pâtes, riz et céréales"
Pâtes sèches,au blé complet,1.54,Produits céréaliers,"Pâtes, riz et céréales"
Pâtes sèches,aux ufs,1.84,Produits céréaliers,"Pâtes, riz et céréales"
Pâtes sèches standard,cru,2.15,Produits céréaliers,"Pâtes, riz et céréales"
Pâtes à la bolognaise (spaghetti,tagliatelles),5.53,Plats composés,Plats composés
Pâtes à la carbonara (spaghetti,tagliatelles),2.75,Plats composés,Plats composés
Pâté de foie de porc,supérieur,5.31,"Viandes, oeufs, poissons",Charcuteries
Pétales de blé avec noix,noisettes ou amandes,3.56,Produits céréaliers,Céréales de petit-déjeuner et biscuits
Pétales de blé chocolatés,enrichis en vitamines et minéraux,3.4,Produits céréaliers,Céréales de petit-déjeuner et biscuits
Pétales de maïs glacés au sucre,enrichis en vitamines et minéraux,3.56,Produits céréaliers,Céréales de petit-déjeuner et biscuits
Pétales de maïs natures,enrichis en vitamines et minéraux,3.56,Produits céréaliers,Céréales de petit-déjeuner et biscuits
Pétoncle ou Peigne du Pérou,noix,9.68,"Viandes, oeufs, poissons",Mollusques et crustacés crus
Pêche,pulpe et peau,0.6,Fruits et Légumes,Fruits
Pêche,sèche,8.22,Fruits et Légumes,Fruits
Pêche au sirop léger,appertisée,0.96,Fruits et Légumes,Fruits
Quatre-quarts ou barre pâtissière,préemballé,3.69,Produits céréaliers,Gâteaux et pâtisseries
Quenelle de poisson,cru,5.63,"Viandes, oeufs, poissons",Charcuteries
Quenelle de poisson,en sauce,5.71,"Viandes, oeufs, poissons",Charcuteries
Quenelle de veau,en sauce,6.07,"Viandes, oeufs, poissons",Charcuteries
Quenelle de volaille,cru,6.1,"Viandes, oeufs, poissons",Charcuteries
Quenelle de volaille,en sauce,6.18,"Viandes, oeufs, poissons",Charcuteries
Quenelle nature,cru,2.62,"Viandes, oeufs, poissons",Charcuteries
Quinoa,cru,6.07,Produits céréaliers,"Pâtes, riz et céréales"
Quinoa FR,cru,8.54,Produits céréaliers,"Pâtes, riz et céréales"
Radis noir,cru,0.6,Fruits et Légumes,Légumes
Radis rouge,cru,0.6,Fruits et Légumes,Légumes
Raie,cru,10.8,"Viandes, oeufs, poissons",Poissons crus
Raifort,cru,0.68,Aides culinaires et ingrédients divers,Herbes
Raisin,cru,0.46,Fruits et Légumes,Fruits
Raisin,sec,1.04,Fruits et Légumes,Fruits
Raisin blanc,à gros grain (type Italia ou Dattier),0.46,Fruits et Légumes,Fruits
Raisin noir,cru,0.46,Fruits et Légumes,Fruits
Rascasse,cru,10.8,"Viandes, oeufs, poissons",Poissons crus
Ravioli à la viande,sauce tomate,3.22,Plats composés,Plats composés
Raviolis aux légumes,sauce tomate,1.98,Plats composés,Plats composés
Requin,cru,10.8,"Viandes, oeufs, poissons",Poissons crus
Rhubarbe,tige,1.24,Fruits et Légumes,Fruits
Ris,veau,22.4,"Viandes, oeufs, poissons",Viandes crues
Ris,agneau,27.1,"Viandes, oeufs, poissons",Viandes crues
Risotto,aux fromages-aux fruits de mer-aux légumes,2.39,Plats composés,
Riste d'aubergines,(aubergines tomates  oignons),0.98,Plats composés,Plats composés
Riz,mélange de variétés (blanc,2.76,Produits céréaliers,"Pâtes, riz et céréales"
Riz au lait,rayon frais,1.7,Produits Laitiers,Produits laitiers frais et assimilés
Riz blanc,cru,2.76,Produits céréaliers,"Pâtes, riz et céréales"
Riz blanc étuvé,cru,2.76,Produits céréaliers,"Pâtes, riz et céréales"
Riz complet,cru,2.76,Produits céréaliers,"Pâtes, riz et céréales"
Riz rouge,cru,2.76,Produits céréaliers,"Pâtes, riz et céréales"
Riz sauvage,cru,2.76,Produits céréaliers,"Pâtes, riz et céréales"
Riz thaï ou basmati,cru,4.1,Produits céréaliers,"Pâtes, riz et céréales"
Rognon,porc,2.1,"Viandes, oeufs, poissons",Viandes crues
Rognon,veau,17.8,"Viandes, oeufs, poissons",Viandes crues
Rognon,agneau,21.6,"Viandes, oeufs, poissons",Viandes crues
Rognon,boeuf,22.1,"Viandes, oeufs, poissons",Viandes crues
Romarin,frais,0.82,Aides culinaires et ingrédients divers,Herbes
Romarin,séché,1.55,Aides culinaires et ingrédients divers,Herbes
Roquette,cru,0.95,Fruits et Légumes,Légumes
Rouget-barbet,filet avec peau,7.55,"Viandes, oeufs, poissons",Poissons crus
Rouget-barbet de roche,cru,6.73,"Viandes, oeufs, poissons",Poissons crus
Rouget-barbet de roche,vapeur,8.31,"Viandes, oeufs, poissons",Poissons crus
Roussette ou petite roussette ou saumonette,cru,10.8,"Viandes, oeufs, poissons",Poissons crus
Rutabaga,cru,0.46,Fruits et Légumes,Légumes
Sablé au cacao ou chocolat,au praliné ou autre,5.92,Produits céréaliers,Céréales de petit-déjeuner et biscuits
Sablé aux fruits (pomme,fruits rouges,2.42,Produits céréaliers,Céréales de petit-déjeuner et biscuits
Sabre,cru,10.8,"Viandes, oeufs, poissons",Poissons crus
Saint-Nectaire,fermier-laitier-sans précision,5.44,Produits Laitiers,
Saint-Pierre,cru,10.8,"Viandes, oeufs, poissons",Poissons crus
Salade César au poulet,(salade verte fromage  croûtos  sauce),3.14,Plats composés,Salades composées et crudités
Salade composée avec viande ou poisson,appertisée,15.5,Plats composés,Salades composées et crudités
Salade de chou ou Coleslaw,avec sauce,1.11,Plats composés,Salades composées et crudités
Salade de fruits,cru,1.1,Fruits et Légumes,Fruits
Salade de pomme de terre à la piémontaise,préemballé,3.16,Plats composés,Salades composées et crudités
Salade de pâtes,végétarienne,1.73,Plats composés,Salades composées et crudités
Salade de pâtes aux légumes,avec poisson ou viande,2.95,Plats composés,Salades composées et crudités
Salade de thon et légumes,appertisée,5.14,Plats composés,Salades composées et crudités
Salade ou chicorée frisée,cru,0.63,Fruits et Légumes,Légumes
Salade verte,cru,0.95,Fruits et Légumes,Légumes
Salicorne (Salicornia sp.),fraîche,1.18,Fruits et Légumes,Légumes
Salsifis,surgelé,0.7,Fruits et Légumes,Légumes
Salsifis,appertisé,1.06,Fruits et Légumes,Légumes
Salsifis noir,cru,0.46,Fruits et Légumes,Légumes
Sandwich baguette,saumon fumé,1.89,Plats composés,Sandwichs
Sandwich baguette,oeuf,1.93,Plats composés,Sandwichs
Sandwich baguette,thon,2.19,Plats composés,Sandwichs
Sandwich baguette,crudités diverses-dinde,2.31,Plats composés,
Sandwich baguette,porc,2.68,Plats composés,Sandwichs
Sandwich baguette,pâté,3.03,Plats composés,Sandwichs
Sandwich baguette,camembert,3.24,Plats composés,Sandwichs
Sandwich baguette,merguez-saucisson,3.47,Plats composés,
Sandwich baguette,poulet,3.51,Plats composés,Sandwichs
Sandwich baguette,jambon,4.1,Plats composés,Sandwichs
Sandwich baguette,jambon emmental,4.76,Plats composés,Sandwichs
Sandwich baguette,salami,4.85,Plats composés,Sandwichs
Sandwich grec ou Kebab,baguette-pita,11.9,Plats composés,
Sandwich pain de mie,garnitures diverses,2.68,Plats composés,Sandwichs
Sandwich pain de mie complet,thon,2.5,Plats composés,Sandwichs
Sandwich pain de mie complet,poulet,3.51,Plats composés,Sandwichs
Sandwich pain de mie complet,jambon,3.72,Plats composés,Sandwichs
Sandwich panini,jambon cru,4.4,Plats composés,Sandwichs
Sang,boeuf,27.6,"Viandes, oeufs, poissons",Viandes crues
Sardine,cru,1.94,"Viandes, oeufs, poissons",Poissons crus
Sardine,grillée,2.34,"Viandes, oeufs, poissons",Poissons cuits
Sardine,filets sans arêtes à l'huile d'olive-sauce tomate-à l'huile-à l'huile d'olive,6.09,"Viandes, oeufs, poissons",
Sarrasin entier,cru,1.16,Produits céréaliers,"Pâtes, riz et céréales"
Sarriette,séché,1.55,Aides culinaires et ingrédients divers,Herbes
Sauce Nuoc Mâm ou Sauce au poisson,préemballé,0.94,Aides culinaires et ingrédients divers,Sauces
Sauce aigre douce,préemballé,1.06,Aides culinaires et ingrédients divers,Sauces
Sauce américaine,préemballé,3.57,Aides culinaires et ingrédients divers,Sauces
Sauce armoricaine,préemballé,3.58,Aides culinaires et ingrédients divers,Sauces
Sauce au curry,préemballé,0.8,Aides culinaires et ingrédients divers,Sauces
Sauce au fromage pour risotto ou pâtes,préemballé,3.91,Aides culinaires et ingrédients divers,Sauces
Sauce au poivre,condimentaire,1.67,Aides culinaires et ingrédients divers,Sauces
Sauce au poivre,chaude,1.68,Aides culinaires et ingrédients divers,Sauces
Sauce au poivre vert,préemballé,1.13,Aides culinaires et ingrédients divers,Sauces
Sauce au roquefort,préemballé,4.38,Aides culinaires et ingrédients divers,Sauces
Sauce aux champignons,préemballé,3.83,Aides culinaires et ingrédients divers,Sauces
Sauce aux champignons et à la crème,préemballé,4.12,Aides culinaires et ingrédients divers,Sauces
Sauce aïoli,préemballé,1.43,Aides culinaires et ingrédients divers,Sauces
Sauce barbecue,préemballé,1.27,Aides culinaires et ingrédients divers,Sauces
Sauce basquaise ou Sauce aux poivrons,préemballé,1.09,Aides culinaires et ingrédients divers,Sauces
Sauce bourguignonne,préemballé,2.8,Aides culinaires et ingrédients divers,Sauces
Sauce burger,préemballé,3.01,Aides culinaires et ingrédients divers,Sauces
Sauce béarnaise,préemballé,5.07,Aides culinaires et ingrédients divers,Sauces
Sauce béchamel,maison-préemballé,2.06,Aides culinaires et ingrédients divers,
Sauce carbonara,préemballé,4.93,Aides culinaires et ingrédients divers,Sauces
Sauce chasseur,préemballé,2.23,Aides culinaires et ingrédients divers,Sauces
Sauce crudités ou Sauce salade,allégée en matière grasse-préemballé,3.01,Aides culinaires et ingrédients divers,
Sauce grand veneur,préemballé,2.81,Aides culinaires et ingrédients divers,Sauces
Sauce hollandaise,préemballé,6.15,Aides culinaires et ingrédients divers,Sauces
Sauce indienne type tandoori ou tikka masala,préemballé,1.3,Aides culinaires et ingrédients divers,Sauces
Sauce kebab,préemballé,1.9,Aides culinaires et ingrédients divers,Sauces
Sauce madère,préemballé,5.04,Aides culinaires et ingrédients divers,Sauces
Sauce moutarde,préemballé,1.95,Aides culinaires et ingrédients divers,Sauces
Sauce pesto,préemballé,2.58,Aides culinaires et ingrédients divers,Sauces
Sauce pesto rosso,préemballé,2.58,Aides culinaires et ingrédients divers,Sauces
Sauce rouille,préemballé,2.64,Aides culinaires et ingrédients divers,Sauces
Sauce soja,préemballé,0.74,Aides culinaires et ingrédients divers,Sauces
Sauce tartare,préemballé,1.67,Aides culinaires et ingrédients divers,Sauces
Sauce tomate au fromage,préemballé,1.24,Aides culinaires et ingrédients divers,Sauces
Sauce tomate aux champignons,préemballé,1.22,Aides culinaires et ingrédients divers,Sauces
Sauce tomate aux oignons,préemballé,0.91,Aides culinaires et ingrédients divers,Sauces
Sauce tomate aux olives,préemballé,0.9,Aides culinaires et ingrédients divers,Sauces
Sauce tomate aux petits légumes,préemballé,0.94,Aides culinaires et ingrédients divers,Sauces
Sauce tomate à la viande ou Sauce bolognaise,préemballé,12.2,Aides culinaires et ingrédients divers,Sauces
Sauce vinaigrette (50 à 75% d'huile),préemballé,2.68,Aides culinaires et ingrédients divers,Sauces
Sauce végétale type bolognaise,préemballé,1.35,Aides culinaires et ingrédients divers,Sauces
Sauce à l'échalote à la crème,préemballé,1.95,Aides culinaires et ingrédients divers,Sauces
Saucisse de Toulouse,cru,16.1,"Viandes, oeufs, poissons",Charcuteries
Saucisse de volaille,façon charcutière,13.6,"Viandes, oeufs, poissons",Charcuteries
Saucisse de volaille,type Knack,15.3,"Viandes, oeufs, poissons",Charcuteries
Saucisse viennoise,cru,16.1,"Viandes, oeufs, poissons",Charcuteries
Saucisse végétale au blé ou seitan,préemballé,2.14,"Viandes, oeufs, poissons",Substitut de charcuterie
Saucisse végétale au tofu (convient aux véganes ou végétaliens),préemballé,1.33,"Viandes, oeufs, poissons",Substitut de charcuterie
Saucisson de Paris,fumé,6.17,"Viandes, oeufs, poissons",Charcuteries
Saucisson sec pur porc,qualité supérieure,6.08,"Viandes, oeufs, poissons",Charcuteries
Sauge,fraîche,0.82,Aides culinaires et ingrédients divers,Herbes
Sauge,séché,1.55,Aides culinaires et ingrédients divers,Herbes
Saumon,cru,6.35,"Viandes, oeufs, poissons",Poissons crus
Saumon,élevage,7.73,"Viandes, oeufs, poissons",Poissons cuits
Saumon,grillé/poêlé,7.74,"Viandes, oeufs, poissons",Poissons cuits
Saumon,appertisé,9.67,"Viandes, oeufs, poissons",Produits à base de poissons et produits de la mer
Saupe,cru,6.73,"Viandes, oeufs, poissons",Poissons crus
Scarole,cru,1.1,Fruits et Légumes,Légumes
Seigle entier,cru,0.72,Produits céréaliers,"Pâtes, riz et céréales"
Seitan,préemballé,1.32,"Viandes, oeufs, poissons",Substituts de viande
Sel blanc alimentaire,iodé-non iodé,0.61,Aides culinaires et ingrédients divers,
Sel marin gris,non iodé,0.61,Aides culinaires et ingrédients divers,Sels
Selles-sur-Cher,(fromage de chèvre),6.5,Produits Laitiers,Fromages
Semoule au lait,rayon frais,1.49,Produits Laitiers,Produits laitiers frais et assimilés
Semoule de blé dur,cru,1.67,Produits céréaliers,"Pâtes, riz et céréales"
Sirop à diluer,sucré,1.03,Boissons,Boissons sans alcool
Soja,graine entière,1.47,Fruits et Légumes,Fruits à coque et graines oléagineuses
Sole,cru,6.73,"Viandes, oeufs, poissons",Poissons crus
Sole,frite-poêlée,8.2,"Viandes, oeufs, poissons",
Sole tropicale ou Sole langue,cru,6.73,"Viandes, oeufs, poissons",Poissons crus
Sorgho entier,cru,0.63,Produits céréaliers,"Pâtes, riz et céréales"
Soupe asiatique,avec pâtes,3.13,Plats composés,Soupes
Soupe au cresson,déshydratée reconstituée,0.52,Plats composés,Soupes
Soupe au cresson,préemballé à réchauffer,0.57,Plats composés,Soupes
Soupe au pistou,déshydratée reconstituée,0.48,Plats composés,Soupes
Soupe au pistou,préemballé à réchauffer,0.52,Plats composés,Soupes
Soupe au potiron,déshydratée reconstituée,0.7,Plats composés,Soupes
Soupe au potiron,préemballé à réchauffer,0.74,Plats composés,Soupes
Soupe aux asperges,déshydratée reconstituée,1.46,Plats composés,Soupes
Soupe aux asperges,préemballé à réchauffer,1.5,Plats composés,Soupes
Soupe aux champignons,déshydratée reconstituée,3.57,Plats composés,Soupes
Soupe aux champignons,préemballé à réchauffer,3.62,Plats composés,Soupes
Soupe aux céréales et aux légumes,déshydratée reconstituée,0.54,Plats composés,Soupes
Soupe aux lentilles,préemballé à réchauffer,0.46,Plats composés,Soupes
Soupe aux légumes avec fromage,préemballé à réchauffer,1.25,Plats composés,Soupes
Soupe aux légumes variés,déshydratée reconstituée,0.47,Plats composés,Soupes
Soupe aux légumes variés,préemballé à réchauffer,0.51,Plats composés,Soupes
Soupe aux légumes verts,déshydratée reconstituée,1.02,Plats composés,Soupes
Soupe aux légumes verts,préemballé à réchauffer,1.07,Plats composés,Soupes
Soupe aux poireaux et pommes de terre,déshydratée reconstituée,0.41,Plats composés,Soupes
Soupe aux poireaux et pommes de terre,préemballé à réchauffer,0.46,Plats composés,Soupes
Soupe aux pois cassés,préemballé à réchauffer,0.46,Plats composés,Soupes
Soupe chorba frik,à base de viande et de frik,4.33,Plats composés,Soupes
Soupe de poissons et / ou crustacés,déshydratée reconstituée,8.27,Plats composés,Soupes
Soupe de poissons et / ou crustacés,préemballé à réchauffer,8.31,Plats composés,Soupes
Soupe marocaine,déshydratée reconstituée,4.0,Plats composés,Soupes
Soupe minestrone,préemballé à réchauffer,0.52,Plats composés,Soupes
Soupe minestrone,déshydratée reconstituée,1.56,Plats composés,Soupes
Soupe à l'oignon,déshydratée reconstituée,2.2,Plats composés,Soupes
Soupe à l'oignon,préemballé à réchauffer,2.24,Plats composés,Soupes
Soupe à la carotte,préemballé à réchauffer,0.45,Plats composés,Soupes
Soupe à la tomate,déshydratée reconstituée,0.38,Plats composés,Soupes
Soupe à la tomate,préemballé à réchauffer,0.42,Plats composés,Soupes
Soupe à la tomate et aux vermicelles,déshydratée reconstituée,0.54,Plats composés,Soupes
Soupe à la tomate et aux vermicelles,préemballé à réchauffer,0.58,Plats composés,Soupes
Soupe à la volaille et aux légumes,déshydratée reconstituée-préemballé à réchauffer,0.13,Plats composés,
Soupe à la volaille et aux vermicelles,déshydratée reconstituée,0.96,Plats composés,Soupes
Soupe à la volaille et aux vermicelles,préemballé à réchauffer,1.0,Plats composés,Soupes
Spiruline (Spirulina sp.),séché ou déshydratée,6.77,Aides culinaires et ingrédients divers,Algues
Sprat,cru,1.94,"Viandes, oeufs, poissons",Poissons crus
Spécialité fromagère non affinée environ 20% MG,type fromage en barquette à tartiner ou coque fromagère,4.59,Produits Laitiers,Fromages
Spécialité fromagère non affinée environ 25% MG,type fromage en barquette à tartiner ou coque fromagère,4.98,Produits Laitiers,Fromages
Spécialité végétale type fromage en tranche,sans soja,3.36,Produits Laitiers,Fromages
Spécialité végétale type fromage râpé,sans soja,3.37,Produits Laitiers,Fromages
Spécialité végétale type fromage à tartiner,au soja,2.72,Produits Laitiers,Fromages
Spécialité végétale type jambon cuit,préemballé,1.62,"Viandes, oeufs, poissons",Substitut de charcuterie
Spécialité à base de crème légère 8% MG,fluide ou épaisse,1.99,Produits Laitiers,Crèmes et spécialités à base de crème
Substitut de repas hypocalorique,crème dessert-poudre reconstituée avec lait écrémé-prêt à boire,2.31,Aides culinaires et ingrédients divers,
Sureau,baie,0.88,Fruits et Légumes,Fruits
Surimi,bâtonnets-fourré au fromage,6.67,"Viandes, oeufs, poissons",
Sébaste du nord,ou dorade sébaste,10.8,"Viandes, oeufs, poissons",Poissons crus
Sésame,graine-graine décortiquée-grillé,5.21,Fruits et Légumes,
Taboulé ou Salade de couscous,préemballé,1.07,Plats composés,Salades composées et crudités
Taboulé ou Salade de couscous au poulet,préemballé,2.19,Plats composés,Salades composées et crudités
Tacaud,cru,10.8,"Viandes, oeufs, poissons",Poissons crus
Tamarin,fruit immature,0.53,Fruits et Légumes,Fruits
Tapioca ou Perles du Japon,cru,0.8,Fruits et Légumes,Pommes de terre et autres tubercules
Tarama,préemballé,1.86,"Viandes, oeufs, poissons",Produits à base de poissons et produits de la mer
Taro,tubercule,1.0,Fruits et Légumes,Pommes de terre et autres tubercules
Tarte au chocolat,fabrication artisanale,7.25,Produits céréaliers,Gâteaux et pâtisseries
Tarte normande aux pommes (garniture farine,ufs,2.62,Produits céréaliers,Gâteaux et pâtisseries
Tartine craquante,extrudée et grillée,1.45,Produits céréaliers,Pains et viennoiseries
Terrine de fruits de mer,avec ou sans poisson,7.86,"Viandes, oeufs, poissons",Produits à base de poissons et produits de la mer
Thon,cru,4.4,"Viandes, oeufs, poissons",Poissons crus
Thon,à la catalane ou à l'escabèche (sauce tomate),5.43,"Viandes, oeufs, poissons",Produits à base de poissons et produits de la mer
Thon,au naturel,16.9,"Viandes, oeufs, poissons",Produits à base de poissons et produits de la mer
Thon albacore ou thon jaune,au naturel,4.33,"Viandes, oeufs, poissons",Produits à base de poissons et produits de la mer
Thon albacore ou thon jaune,cru,4.4,"Viandes, oeufs, poissons",Poissons crus
Thon germon ou thon blanc,cru,8.4,"Viandes, oeufs, poissons",Poissons crus
Thon germon ou thon blanc,à l'huile d'olive,8.93,"Viandes, oeufs, poissons",Produits à base de poissons et produits de la mer
Thon listao ou Bonite à ventre rayé,cru,4.38,"Viandes, oeufs, poissons",Poissons crus
Thon à l'huile,appertisé,5.43,"Viandes, oeufs, poissons",Produits à base de poissons et produits de la mer
Thym,frais,0.82,Aides culinaires et ingrédients divers,Herbes
Thym,séché,1.55,Aides culinaires et ingrédients divers,Herbes
Tiramisu,rayon frais,11.2,Produits Laitiers,Produits laitiers frais et assimilés
Tisane infusée,non sucrée,0.04,Boissons,Boissons sans alcool
Toasts ou Canapés salés,garnitures diverses,1.8,Plats composés,Sandwichs
Tofu,nature,0.66,Plats composés,Plats composés
Tofu fumé,préemballé,1.53,"Viandes, oeufs, poissons",Substituts de viande
Tomate,coulis-purée,0.68,Fruits et Légumes,
Tomate,cru,0.7,Fruits et Légumes,Légumes
Tomate,pulpe,0.92,Fruits et Légumes,Légumes
Tomate,pulpe et peau,1.23,Fruits et Légumes,Légumes
Tomate,pelée,1.27,Fruits et Légumes,Légumes
Tomate,concentré,2.83,Fruits et Légumes,Légumes
Tomate,double concentré,4.14,Fruits et Légumes,Légumes
Tomate,séché,7.5,Fruits et Légumes,Légumes
Tomate cerise,cru,0.58,Fruits et Légumes,Légumes
Tomate de saison,cru,0.58,Fruits et Légumes,Légumes
Tomate hors saison,cru,1.96,Fruits et Légumes,Légumes
Tomate verte,cru,0.7,Fruits et Légumes,Légumes
Tomme ou tome,allégée en matière grasse,5.68,Produits Laitiers,Fromages
Tonic ou bitter,non sucré-sucré,0.51,Boissons,
Topinambour,cru,0.51,Fruits et Légumes,Pommes de terre et autres tubercules
Tortilla souple (à garnir),à base de blé-à base de maïs,1.2,Produits céréaliers,
Tournesol,graine,3.25,Fruits et Légumes,Fruits à coque et graines oléagineuses
Tripes,boeuf,27.7,"Viandes, oeufs, poissons",Viandes crues
Tripes à la mode de Caen,préemballé,23.1,Plats composés,Plats composés
Truite arc en ciel,cru,6.64,"Viandes, oeufs, poissons",Poissons crus
Truite arc en ciel,élevage,8.08,"Viandes, oeufs, poissons",Poissons cuits
Truite d'élevage,cru,6.09,"Viandes, oeufs, poissons",Poissons crus
Truite d'élevage,fumée,7.06,"Viandes, oeufs, poissons",Poissons cuits
Truite de mer,cru,6.64,"Viandes, oeufs, poissons",Poissons crus
Truite saumonée,cru,6.64,"Viandes, oeufs, poissons",Poissons crus
Turbot,cru,12.7,"Viandes, oeufs, poissons",Poissons crus
Turbot d'élevage,cru,12.7,"Viandes, oeufs, poissons",Poissons crus
Turbot sauvage,cru,9.04,"Viandes, oeufs, poissons",Poissons crus
Valençay,(fromage de chèvre),6.65,Produits Laitiers,Fromages
Vanille,extrait alcoolique-extrait aqueux,1.15,Aides culinaires et ingrédients divers,
Veau,carré-poitrine-épaule,14.7,"Viandes, oeufs, poissons",
Veau,escalope panée,18.2,"Viandes, oeufs, poissons",Autres produits à base de viande
Veau,escalope-filet-noix,18.3,"Viandes, oeufs, poissons",
Veau,collier-côte-jarret-pied,18.5,"Viandes, oeufs, poissons",
Veau,steak haché 15% MG-steak haché 20% MG,22.4,"Viandes, oeufs, poissons",
Veau,rôti,23.0,"Viandes, oeufs, poissons",Viandes crues
Vermicelle de riz,sèche,1.45,Produits céréaliers,"Pâtes, riz et céréales"
Vivaneau,cru,4.25,"Viandes, oeufs, poissons",Poissons crus
Volaille,croquette panée ou nuggets,6.04,"Viandes, oeufs, poissons",Autres produits à base de viande
Wakamé (Undaria pinnatifida),séché ou déshydratée,6.77,Aides culinaires et ingrédients divers,Algues
Wakamé atlantique (Alaria esculenta),séché ou déshydratée,6.58,Aides culinaires et ingrédients divers,Algues
Yaourt,lait fermenté ou spécialité laitière,2.36,Produits Laitiers,Produits laitiers frais et assimilés
Yaourt au lait de chèvre,nature,1.68,Produits Laitiers,Produits laitiers frais et assimilés
Yaourt à la grecque,nature,2.12,Produits Laitiers,Produits laitiers frais et assimilés
Yaourt à la grecque,sur lit de fruits,2.14,Produits Laitiers,Produits laitiers frais et assimilés
Yaourt à la grecque,au lait de brebis,2.26,Produits Laitiers,Produits laitiers frais et assimilés
Échalote,cru,0.36,Fruits et Légumes,Légumes
Églefin,cru,10.8,"Viandes, oeufs, poissons",Poissons crus
Églefin,grillé/poêlé,13.2,"Viandes, oeufs, poissons",Poissons cuits
Épeautre,cru,1.16,Produits céréaliers,"Pâtes, riz et céréales"
Éperlan,cru,1.94,"Viandes, oeufs, poissons",Poissons crus
Épinard,cru pousses pour salades,0.39,Fruits et Légumes,
Épinard,purée,0.72,Fruits et Légumes,Légumes
Épinard,surgelé,0.86,Fruits et Légumes,Légumes
Épinard,appertisé,0.88,Fruits et Légumes,Légumes
Beurre (tous types),surgelé cru / demi-sel-salé / surgelé / artisanal / sablé / cru / préemballé / léger / pulpe / à teneur réduite en matière grasse / appertisé / doux,3.87,Matières grasses,
Matière grasse végétale (tous types),80% MG / allégée / légère / salé / à tartiner / doux,2.65,Matières grasses,
Huile combinée,mélange d'huile d'olive et de graines / (mélange d'huiles),2.87,Matières grasses,
Matière grasse mélangée (végétale et laitière),mélange d'huile d'olive et de graines / (mélange d'huiles),2.87,Matières grasses,
Thé (tous types),infusé / non sucré,0.04,Boissons,
Glace,type sundae/à partager/bâtonnet-cône,1.39,Glaces et sorbets,
Sorbet,en bac/bâtonnet,,Glaces et sorbets,
Chocolat au lait,tout type,12.7,Produits sucrés,Chocolat
Chocolat noir,tout type,17.1,Produits sucrés,Chocolat
Chocolat blanc,tout type,11.3,Produits sucrés,Chocolat
